#
# There is insufficient memory for the Java Runtime Environment to continue.
# Native memory allocation (malloc) failed to allocate 1303056 bytes for Chunk::new
# Possible reasons:
#   The system is out of physical RAM or swap space
#   The process is running with CompressedOops enabled, and the Java Heap may be blocking the growth of the native heap
# Possible solutions:
#   Reduce memory load on the system
#   Increase physical memory or swap space
#   Check if swap backing store is full
#   Decrease Java heap size (-Xmx/-Xms)
#   Decrease number of Java threads
#   Decrease Java thread stack sizes (-Xss)
#   Set larger code cache with -XX:ReservedCodeCacheSize=
#   JVM is running with Zero Based Compressed Oops mode in which the Java heap is
#     placed in the first 32GB address space. The Java Heap base address is the
#     maximum limit for the native heap growth. Please use -XX:HeapBaseMinAddress
#     to set the Java Heap base and to place the Java Heap above 32GB virtual address.
# This output file may be truncated or incomplete.
#
#  Out of Memory Error (arena.cpp:189), pid=25796, tid=31736
#
# JRE version: Java(TM) SE Runtime Environment (17.0.13+10) (build 17.0.13+10-LTS-268)
# Java VM: Java HotSpot(TM) 64-Bit Server VM (17.0.13+10-LTS-268, mixed mode, sharing, tiered, compressed oops, compressed class ptrs, g1 gc, windows-amd64)
# No core dump will be written. Minidumps are not enabled by default on client versions of Windows
#

---------------  S U M M A R Y ------------

Command Line: -XX:MaxMetaspaceSize=2048m --add-opens=java.base/java.util=ALL-UNNAMED --add-opens=java.base/java.lang=ALL-UNNAMED --add-opens=java.base/java.lang.invoke=ALL-UNNAMED --add-opens=java.prefs/java.util.prefs=ALL-UNNAMED --add-opens=java.base/java.nio.charset=ALL-UNNAMED --add-opens=java.base/java.net=ALL-UNNAMED --add-opens=java.base/java.util.concurrent.atomic=ALL-UNNAMED -Xmx4096m -Dfile.encoding=GBK -Duser.country=CN -Duser.language=zh -Duser.variant -javaagent:D:\Android\.gradle\wrapper\dists\gradle-8.8-bin\cx57xx7zsiden606ef8ncmv16\gradle-8.8\lib\agents\gradle-instrumentation-agent-8.8.jar org.gradle.launcher.daemon.bootstrap.GradleDaemon 8.8

Host: Intel(R) Core(TM) i7-14650HX, 24 cores, 31G,  Windows 11 , 64 bit Build 26100 (10.0.26100.9549)
Time: Tue Sep 29 22:40:26 2026  Windows 11 , 64 bit Build 26100 (10.0.26100.9549) elapsed time: 221.458173 seconds (0d 0h 3m 41s)

---------------  T H R E A D  ---------------

Current thread (0x000001b6593f9da0):  JavaThread "C2 CompilerThread5" daemon [_thread_in_native, id=31736, stack(0x00000011a2300000,0x00000011a2400000)]


Current CompileTask:
C2: 221458 58192       4       com.android.tools.r8.graph.T5$$Lambda$5074/0x000001b605ad9e38::accept (36 bytes)

Stack: [0x00000011a2300000,0x00000011a2400000]
Native frames: (J=compiled Java code, j=interpreted, Vv=VM code, C=native code)
V  [jvm.dll+0x67a23a]
V  [jvm.dll+0x7da96d]
V  [jvm.dll+0x7dc2b3]
V  [jvm.dll+0x7dc923]
V  [jvm.dll+0x2450ef]
V  [jvm.dll+0xab793]
V  [jvm.dll+0xabd5c]
V  [jvm.dll+0x361d0f]
V  [jvm.dll+0x1ba2ba]
V  [jvm.dll+0x2169f7]
V  [jvm.dll+0x215ccf]
V  [jvm.dll+0x1a2980]
V  [jvm.dll+0x22616b]
V  [jvm.dll+0x22430b]
V  [jvm.dll+0x790a8c]
V  [jvm.dll+0x78af1a]
V  [jvm.dll+0x679125]
C  [ucrtbase.dll+0x2cd30]
C  [KERNEL32.DLL+0x2cdf7]
C  [ntdll.dll+0x7ee4c]


---------------  P R O C E S S  ---------------

Threads class SMR info:
_java_thread_list=0x000001b690daacd0, length=473, elements={
0x000001b65dca90d0, 0x000001b67fc49290, 0x000001b60232fea0, 0x000001b6023496b0,
0x000001b60234bf90, 0x000001b60234c860, 0x000001b60234d130, 0x000001b60234fa10,
0x000001b60236e2d0, 0x000001b602370bf0, 0x000001b67fc39720, 0x000001b602566430,
0x000001b6494d3d20, 0x000001b6029852a0, 0x000001b64a2e0080, 0x000001b649503370,
0x000001b6490af7c0, 0x000001b649edd830, 0x000001b649edaaa0, 0x000001b649edd320,
0x000001b649eda590, 0x000001b649edc900, 0x000001b649eda080, 0x000001b649edb4c0,
0x000001b649edb9d0, 0x000001b649109390, 0x000001b6491098a0, 0x000001b6491060f0,
0x000001b649106b10, 0x000001b649106600, 0x000001b64910a2c0, 0x000001b64910a7d0,
0x000001b649108460, 0x000001b649107020, 0x000001b64910bc10, 0x000001b649108970,
0x000001b64910c630, 0x000001b64910c120, 0x000001b64910cb40, 0x000001b64910d050,
0x000001b64910d560, 0x000001b64910da70, 0x000001b6487e2ce0, 0x000001b6487e1db0,
0x000001b6487e31f0, 0x000001b6487e18a0, 0x000001b6487e22c0, 0x000001b6487e4120,
0x000001b6487e4630, 0x000001b6487e4b40, 0x000001b6487e1390, 0x000001b64deee790,
0x000001b64deece40, 0x000001b64deed350, 0x000001b64deeeca0, 0x000001b64def0b00,
0x000001b64def1010, 0x000001b64def05f0, 0x000001b64deef1b0, 0x000001b64deef6c0,
0x000001b64deefbd0, 0x000001b64deedd70, 0x000001b64def00e0, 0x000001b64deed860,
0x000001b64def1520, 0x000001b64deee280, 0x000001b64def47c0, 0x000001b64def42b0,
0x000001b64def1f40, 0x000001b64def2450, 0x000001b64def2960, 0x000001b64def3da0,
0x000001b64def1a30, 0x000001b64def2e70, 0x000001b64def3380, 0x000001b64def3890,
0x000001b64f0a4df0, 0x000001b64f0a5810, 0x000001b64f0a43d0, 0x000001b64f0a2f90,
0x000001b64f0a5300, 0x000001b64f0a2060, 0x000001b64f0a34a0, 0x000001b64f0a48e0,
0x000001b64f0a5d20, 0x000001b64f0a2570, 0x000001b64f0a6230, 0x000001b64f0a3ec0,
0x000001b64f0a2a80, 0x000001b64f0a6c50, 0x000001b64f0a6740, 0x000001b64f0a39b0,
0x000001b64f0a99e0, 0x000001b64f0a8fc0, 0x000001b64f0a94d0, 0x000001b64f0a7160,
0x000001b64f0a7670, 0x000001b64f0a7b80, 0x000001b64f0a8090, 0x000001b64f0a85a0,
0x000001b64f0a8ab0, 0x000001b64cc25770, 0x000001b64cc24d50, 0x000001b64cc25c80,
0x000001b64cc270c0, 0x000001b64cc26190, 0x000001b64cc26bb0, 0x000001b64cc266a0,
0x000001b64cc27ae0, 0x000001b64cc24840, 0x000001b64cc275d0, 0x000001b64cc25260,
0x000001b64cc24330, 0x000001b64ae99ce0, 0x000001b64ae9c560, 0x000001b64ae997d0,
0x000001b64ae9cf80, 0x000001b64ae9b120, 0x000001b64ae9b630, 0x000001b64ae9bb40,
0x000001b6487e27d0, 0x000001b6024661d0, 0x000001b602468540, 0x000001b6024666e0,
0x000001b6024652a0, 0x000001b602466bf0, 0x000001b602468f60, 0x000001b602468030,
0x000001b6024657b0, 0x000001b60246b7e0, 0x000001b60246a8b0, 0x000001b602469980,
0x000001b60246b2d0, 0x000001b60246c710, 0x000001b60246bcf0, 0x000001b60246a3a0,
0x000001b60246cc20, 0x000001b602469470, 0x000001b602469e90, 0x000001b60246adc0,
0x000001b64f589f20, 0x000001b64f5880c0, 0x000001b64f586c80, 0x000001b64f589500,
0x000001b64f5885d0, 0x000001b64f588ae0, 0x000001b64f58a430, 0x000001b64f587190,
0x000001b64f589a10, 0x000001b64f587bb0, 0x000001b64f5876a0, 0x000001b64f58c290,
0x000001b64f58a940, 0x000001b64f58ae50, 0x000001b64f58c7a0, 0x000001b64f58b360,
0x000001b64f588ff0, 0x000001b64f58e0f0, 0x000001b64f58e600, 0x000001b64f58bd80,
0x000001b64f58b870, 0x000001b64f58d6d0, 0x000001b64f58ccb0, 0x000001b64f58d1c0,
0x000001b64f58dbe0, 0x000001b64ca293e0, 0x000001b64ca2a820, 0x000001b64ca29e00,
0x000001b64ca2ad30, 0x000001b64ca2b240, 0x000001b64ca298f0, 0x000001b64ca2b750,
0x000001b64ca27fa0, 0x000001b64ca2a310, 0x000001b64ca2bc60, 0x000001b64ca284b0,
0x000001b64ca2c170, 0x000001b64ca289c0, 0x000001b64ca2c680, 0x000001b64ca28ed0,
0x000001b64ca2f410, 0x000001b64ca2ef00, 0x000001b64ca2d5b0, 0x000001b64ca2cb90,
0x000001b64ca2d0a0, 0x000001b64ca2dac0, 0x000001b64ca2dfd0, 0x000001b64ca2f920,
0x000001b64ca2e4e0, 0x000001b64ca2e9f0, 0x000001b649edce10, 0x000001b64bab2c00,
0x000001b64bab5ea0, 0x000001b64bab4f70, 0x000001b64bab4550, 0x000001b64bab4a60,
0x000001b64bab5480, 0x000001b64bab63b0, 0x000001b64bab4040, 0x000001b64bab5990,
0x000001b64bab68c0, 0x000001b64bab3110, 0x000001b64bab6dd0, 0x000001b64bab3620,
0x000001b64bab72e0, 0x000001b64bab3b30, 0x000001b64bab77f0, 0x000001b64bab7d00,
0x000001b64bab8210, 0x000001b64baba070, 0x000001b64baba580, 0x000001b64bab8720,
0x000001b64bab9650, 0x000001b64bab8c30, 0x000001b64bab9140, 0x000001b64bab9b60,
0x000001b64ed04dd0, 0x000001b64ed05d00, 0x000001b64ed057f0, 0x000001b64ed06720,
0x000001b64ed06210, 0x000001b64ed06c30, 0x000001b64ed07140, 0x000001b64ed07650,
0x000001b64ed03ea0, 0x000001b64ed048c0, 0x000001b64ed043b0, 0x000001b64ed052e0,
0x000001b64ed0a3e0, 0x000001b64ed08fa0, 0x000001b64ed08580, 0x000001b64ed08070,
0x000001b64ed0ae00, 0x000001b64ed08a90, 0x000001b64ed094b0, 0x000001b64ed0c750,
0x000001b64ed0b310, 0x000001b64ed09ed0, 0x000001b64ed0a8f0, 0x000001b64ed0b820,
0x000001b64ed0bd30, 0x000001b64ed0c240, 0x000001b64ed0cc60, 0x000001b64ed0d170,
0x000001b64ed099c0, 0x000001b64ed10410, 0x000001b64ed0ff00, 0x000001b64ed0d680,
0x000001b64ed0eac0, 0x000001b64ed0db90, 0x000001b64ed11850, 0x000001b64ed0f9f0,
0x000001b64ed131a0, 0x000001b64ed136b0, 0x000001b649107f50, 0x000001b656800300,
0x000001b656800810, 0x000001b6567fe9b0, 0x000001b6567fe4a0, 0x000001b6567feec0,
0x000001b6567ffdf0, 0x000001b6567ff3d0, 0x000001b6567ff8e0, 0x000001b6567fd060,
0x000001b656800d20, 0x000001b6567fd570, 0x000001b656801230, 0x000001b6567fda80,
0x000001b656803fc0, 0x000001b6568035a0, 0x000001b6568049e0, 0x000001b6568044d0,
0x000001b656802b80, 0x000001b656804ef0, 0x000001b656801740, 0x000001b656802670,
0x000001b656805400, 0x000001b656801c50, 0x000001b656803090, 0x000001b656805910,
0x000001b656802160, 0x000001b6568090c0, 0x000001b6568095d0, 0x000001b656806840,
0x000001b656806d50, 0x000001b656805e20, 0x000001b656807260, 0x000001b6568086a0,
0x000001b656808bb0, 0x000001b656809ae0, 0x000001b656807770, 0x000001b656807c80,
0x000001b656806330, 0x000001b656809ff0, 0x000001b656808190, 0x000001b65680a500,
0x000001b65680c870, 0x000001b65680af20, 0x000001b65680b430, 0x000001b65680b940,
0x000001b65680c360, 0x000001b64def76e0, 0x000001b64def6cc0, 0x000001b64def71d0,
0x000001b64def7bf0, 0x000001b64def8100, 0x000001b64def4e60, 0x000001b64def5370,
0x000001b64def8b20, 0x000001b64def62a0, 0x000001b64def8610, 0x000001b64def9030,
0x000001b64def5880, 0x000001b64def9540, 0x000001b64def5d90, 0x000001b64def9a50,
0x000001b64def67b0, 0x000001b64defb8b0, 0x000001b64defc2d0, 0x000001b64defc7e0,
0x000001b64defccf0, 0x000001b64defa980, 0x000001b64defd200, 0x000001b64defd710,
0x000001b64defbdc0, 0x000001b64defb3a0, 0x000001b64defa470, 0x000001b64def9f60,
0x000001b64defdc20, 0x000001b64defe130, 0x000001b64defe640, 0x000001b64defae90,
0x000001b64df013d0, 0x000001b64df018e0, 0x000001b64df01df0, 0x000001b64defff90,
0x000001b64df02300, 0x000001b64df04160, 0x000001b658b7acd0, 0x000001b658b7b1e0,
0x000001b658b7a2b0, 0x000001b658b7b6f0, 0x000001b658b7bc00, 0x000001b658b7c110,
0x000001b658b7c620, 0x000001b658b7a7c0, 0x000001b658b7cb30, 0x000001b658b79380,
0x000001b658b79890, 0x000001b658b7d550, 0x000001b602465cc0, 0x000001b60246c200,
0x000001b64df02810, 0x000001b649108e80, 0x000001b6487e3700, 0x000001b6570f88d0,
0x000001b6570f9800, 0x000001b6570fb660, 0x000001b6570f9d10, 0x000001b6570fc590,
0x000001b6570f8de0, 0x000001b6570fee10, 0x000001b6570ffd40, 0x000001b657100250,
0x000001b6570fcaa0, 0x000001b6570fcfb0, 0x000001b6570fe3f0, 0x000001b6570ff830,
0x000001b6570fd4c0, 0x000001b6570fd9d0, 0x000001b6570fdee0, 0x000001b6570fe900,
0x000001b6561b1480, 0x000001b6561b6fa0, 0x000001b6561b6070, 0x000001b6561b5650,
0x000001b6561b6580, 0x000001b6561b74b0, 0x000001b6561b79c0, 0x000001b6561b7ed0,
0x000001b6561b83e0, 0x000001b6561b88f0, 0x000001b6561b5140, 0x000001b6561bc5b0,
0x000001b6561bac60, 0x000001b6561ba240, 0x000001b6561bb680, 0x000001b6561bbb90,
0x000001b6561ba750, 0x000001b6561b9820, 0x000001b6561b9d30, 0x000001b6561bc0a0,
0x000001b6561bb170, 0x000001b6561b8e00, 0x000001b6561b9310, 0x000001b6561bf850,
0x000001b6561bfd60, 0x000001b6561bd4e0, 0x000001b6561be920, 0x000001b6561bd9f0,
0x000001b6561be410, 0x000001b6561bcac0, 0x000001b6561bdf00, 0x000001b6561b4210,
0x000001b6561c6cc0, 0x000001b6561c5d90, 0x000001b6561b1ea0, 0x000001b6561c5880,
0x000001b6561c4440, 0x000001b6561c8100, 0x000001b659635b50, 0x000001b6561cc2d0,
0x000001b6561c9030, 0x000001b6561c9a50, 0x000001b6561ca980, 0x000001b6561cae90,
0x000001b6561c9f60, 0x000001b6561c9540, 0x000001b6561cb8b0, 0x000001b6561ca470,
0x000001b6561cb3a0, 0x000001b6561cbdc0, 0x000001b602467b20, 0x000001b6561c76e0,
0x000001b6561cccf0, 0x000001b6561ceb50, 0x000001b6561cf570, 0x000001b6561cfa80,
0x000001b658b79da0, 0x000001b658b7f8c0, 0x000001b658b7e990, 0x000001b658b802e0,
0x000001b658b7d040, 0x000001b6570fbb70, 0x000001b6570fac40, 0x000001b6570fc080,
0x000001b656803ab0, 0x000001b65680aa10, 0x000001b64df004a0, 0x000001b64deffa80,
0x000001b64ed10e30, 0x000001b68230bf70, 0x000001b68230ba60, 0x000001b68230c480,
0x000001b68230ed00, 0x000001b68230d3b0, 0x000001b68230d8c0, 0x000001b68230cea0,
0x000001b68230b550, 0x000001b682311580, 0x000001b68230e2e0, 0x000001b682310140,
0x000001b682316170, 0x000001b6593f9850, 0x000001b6593fc820, 0x000001b6593fad90,
0x000001b6593fb2e0, 0x000001b6593f9da0, 0x000001b6593f9300, 0x000001b6593fa2f0,
0x000001b6593fbd80, 0x000001b6593fcd70, 0x000001b680f559f0, 0x000001b680f56920,
0x000001b680f56e30, 0x000001b680f57850, 0x000001b680f57d60, 0x000001b680f58c90,
0x000001b680f554e0, 0x000001b680f596b0, 0x000001b680f56410, 0x000001b680f59bc0,
0x000001b680f5b510
}

Java Threads: ( => current thread )
  0x000001b65dca90d0 JavaThread "main" [_thread_blocked, id=26436, stack(0x0000001186100000,0x0000001186200000)]
  0x000001b67fc49290 JavaThread "Reference Handler" daemon [_thread_blocked, id=9664, stack(0x0000001186800000,0x0000001186900000)]
  0x000001b60232fea0 JavaThread "Finalizer" daemon [_thread_blocked, id=25220, stack(0x0000001186900000,0x0000001186a00000)]
  0x000001b6023496b0 JavaThread "Signal Dispatcher" daemon [_thread_blocked, id=25632, stack(0x0000001186a00000,0x0000001186b00000)]
  0x000001b60234bf90 JavaThread "Attach Listener" daemon [_thread_blocked, id=11236, stack(0x0000001186b00000,0x0000001186c00000)]
  0x000001b60234c860 JavaThread "Service Thread" daemon [_thread_blocked, id=30552, stack(0x0000001186c00000,0x0000001186d00000)]
  0x000001b60234d130 JavaThread "Monitor Deflation Thread" daemon [_thread_blocked, id=25244, stack(0x0000001186d00000,0x0000001186e00000)]
  0x000001b60234fa10 JavaThread "C2 CompilerThread0" daemon [_thread_in_native, id=27632, stack(0x0000001186e00000,0x0000001186f00000)]
  0x000001b60236e2d0 JavaThread "C1 CompilerThread0" daemon [_thread_blocked, id=16792, stack(0x0000001186f00000,0x0000001187000000)]
  0x000001b602370bf0 JavaThread "Sweeper thread" daemon [_thread_blocked, id=3664, stack(0x0000001187000000,0x0000001187100000)]
  0x000001b67fc39720 JavaThread "Common-Cleaner" daemon [_thread_blocked, id=21044, stack(0x0000001187100000,0x0000001187200000)]
  0x000001b602566430 JavaThread "Notification Thread" daemon [_thread_blocked, id=30264, stack(0x0000001187500000,0x0000001187600000)]
  0x000001b6494d3d20 JavaThread "Daemon health stats" [_thread_blocked, id=17524, stack(0x0000001188400000,0x0000001188500000)]
  0x000001b6029852a0 JavaThread "Incoming local TCP Connector on port 61230" [_thread_in_native, id=29232, stack(0x0000001188500000,0x0000001188600000)]
  0x000001b64a2e0080 JavaThread "Daemon periodic checks" [_thread_blocked, id=3368, stack(0x0000001188600000,0x0000001188700000)]
  0x000001b649503370 JavaThread "Daemon" [_thread_blocked, id=28828, stack(0x0000001188700000,0x0000001188800000)]
  0x000001b6490af7c0 JavaThread "Handler for socket connection from /127.0.0.1:61230 to /127.0.0.1:61231" [_thread_in_native, id=4952, stack(0x0000001188800000,0x0000001188900000)]
  0x000001b649edd830 JavaThread "Cancel handler" [_thread_blocked, id=28380, stack(0x0000001188900000,0x0000001188a00000)]
  0x000001b649edaaa0 JavaThread "Daemon worker" [_thread_blocked, id=16620, stack(0x0000001188a00000,0x0000001188b00000)]
  0x000001b649edd320 JavaThread "Asynchronous log dispatcher for DefaultDaemonConnection: socket connection from /127.0.0.1:61230 to /127.0.0.1:61231" [_thread_blocked, id=8484, stack(0x0000001188b00000,0x0000001188c00000)]
  0x000001b649eda590 JavaThread "Stdin handler" [_thread_blocked, id=2424, stack(0x0000001188c00000,0x0000001188d00000)]
  0x000001b649edc900 JavaThread "Daemon client event forwarder" [_thread_blocked, id=12908, stack(0x0000001188d00000,0x0000001188e00000)]
  0x000001b649eda080 JavaThread "Cache worker for journal cache (D:\Android\.gradle\caches\journal-1)" [_thread_blocked, id=29392, stack(0x0000001188e00000,0x0000001188f00000)]
  0x000001b649edb4c0 JavaThread "File lock request listener" [_thread_in_native, id=29364, stack(0x0000001188f00000,0x0000001189000000)]
  0x000001b649edb9d0 JavaThread "Cache worker for file hash cache (D:\Android\.gradle\caches\8.8\fileHashes)" [_thread_blocked, id=26588, stack(0x0000001189000000,0x0000001189100000)]
  0x000001b649109390 JavaThread "Cache worker for file hash cache (D:\Develop\AI\lx-music-mobile\lx-music-mobile\android\.gradle\8.8\fileHashes)" [_thread_blocked, id=6516, stack(0x0000001189100000,0x0000001189200000)]
  0x000001b6491098a0 JavaThread "File watcher server" daemon [_thread_blocked, id=14368, stack(0x0000001189800000,0x0000001189900000)]
  0x000001b6491060f0 JavaThread "File watcher consumer" daemon [_thread_blocked, id=12384, stack(0x0000001189900000,0x0000001189a00000)]
  0x000001b649106b10 JavaThread "Cache worker for checksums cache (D:\Develop\AI\lx-music-mobile\lx-music-mobile\android\.gradle\8.8\checksums)" [_thread_blocked, id=29040, stack(0x0000001189e00000,0x0000001189f00000)]
  0x000001b649106600 JavaThread "Cache worker for file content cache (D:\Android\.gradle\caches\8.8\fileContent)" [_thread_blocked, id=5844, stack(0x0000001189f00000,0x000000118a000000)]
  0x000001b64910a2c0 JavaThread "Cache worker for cache directory md-rule (D:\Android\.gradle\caches\8.8\md-rule)" [_thread_blocked, id=22460, stack(0x000000118a000000,0x000000118a100000)]
  0x000001b64910a7d0 JavaThread "Cache worker for cache directory md-supplier (D:\Android\.gradle\caches\8.8\md-supplier)" [_thread_blocked, id=20504, stack(0x000000118a100000,0x000000118a200000)]
  0x000001b649108460 JavaThread "jar transforms" [_thread_blocked, id=30428, stack(0x000000118a200000,0x000000118a300000)]
  0x000001b649107020 JavaThread "jar transforms Thread 2" [_thread_blocked, id=704, stack(0x000000118a300000,0x000000118a400000)]
  0x000001b64910bc10 JavaThread "jar transforms Thread 3" [_thread_blocked, id=6100, stack(0x000000118a800000,0x000000118a900000)]
  0x000001b649108970 JavaThread "jar transforms Thread 4" [_thread_blocked, id=6456, stack(0x000000118a900000,0x000000118aa00000)]
  0x000001b64910c630 JavaThread "jar transforms Thread 5" [_thread_blocked, id=8740, stack(0x000000118aa00000,0x000000118ab00000)]
  0x000001b64910c120 JavaThread "jar transforms Thread 6" [_thread_blocked, id=5672, stack(0x000000118ab00000,0x000000118ac00000)]
  0x000001b64910cb40 JavaThread "Unconstrained build operations" [_thread_blocked, id=30400, stack(0x0000001187800000,0x0000001187900000)]
  0x000001b64910d050 JavaThread "Unconstrained build operations Thread 2" [_thread_blocked, id=30380, stack(0x000000118a400000,0x000000118a500000)]
  0x000001b64910d560 JavaThread "Unconstrained build operations Thread 3" [_thread_blocked, id=11344, stack(0x000000118a500000,0x000000118a600000)]
  0x000001b64910da70 JavaThread "Unconstrained build operations Thread 4" [_thread_blocked, id=28704, stack(0x000000118a600000,0x000000118a700000)]
  0x000001b6487e2ce0 JavaThread "Unconstrained build operations Thread 5" [_thread_blocked, id=21640, stack(0x000000118a700000,0x000000118a800000)]
  0x000001b6487e1db0 JavaThread "Unconstrained build operations Thread 6" [_thread_blocked, id=22804, stack(0x000000118ac00000,0x000000118ad00000)]
  0x000001b6487e31f0 JavaThread "Cache worker for Build Output Cleanup Cache (D:\Develop\AI\lx-music-mobile\lx-music-mobile\node_modules\@react-native\gradle-plugin\.gradle\buildOutputCleanup)" [_thread_blocked, id=6884, stack(0x0000001187700000,0x0000001187800000)]
  0x000001b6487e18a0 JavaThread "Unconstrained build operations Thread 7" [_thread_blocked, id=29448, stack(0x000000118b100000,0x000000118b200000)]
  0x000001b6487e22c0 JavaThread "Unconstrained build operations Thread 8" [_thread_blocked, id=23772, stack(0x000000118b200000,0x000000118b300000)]
  0x000001b6487e4120 JavaThread "Unconstrained build operations Thread 9" [_thread_blocked, id=30124, stack(0x000000118b300000,0x000000118b400000)]
  0x000001b6487e4630 JavaThread "Unconstrained build operations Thread 10" [_thread_blocked, id=28020, stack(0x000000118b400000,0x000000118b500000)]
  0x000001b6487e4b40 JavaThread "Unconstrained build operations Thread 11" [_thread_blocked, id=2856, stack(0x000000118b500000,0x000000118b600000)]
  0x000001b6487e1390 JavaThread "Unconstrained build operations Thread 12" [_thread_blocked, id=27492, stack(0x000000118b600000,0x000000118b700000)]
  0x000001b64deee790 JavaThread "Unconstrained build operations Thread 13" [_thread_blocked, id=29528, stack(0x000000118b700000,0x000000118b800000)]
  0x000001b64deece40 JavaThread "Unconstrained build operations Thread 14" [_thread_blocked, id=26360, stack(0x000000118b800000,0x000000118b900000)]
  0x000001b64deed350 JavaThread "Unconstrained build operations Thread 15" [_thread_blocked, id=3636, stack(0x000000118b900000,0x000000118ba00000)]
  0x000001b64deeeca0 JavaThread "Unconstrained build operations Thread 16" [_thread_blocked, id=15648, stack(0x000000118ba00000,0x000000118bb00000)]
  0x000001b64def0b00 JavaThread "Unconstrained build operations Thread 17" [_thread_blocked, id=30612, stack(0x000000118bb00000,0x000000118bc00000)]
  0x000001b64def1010 JavaThread "Unconstrained build operations Thread 18" [_thread_blocked, id=28872, stack(0x000000118bc00000,0x000000118bd00000)]
  0x000001b64def05f0 JavaThread "Unconstrained build operations Thread 19" [_thread_blocked, id=6540, stack(0x000000118bd00000,0x000000118be00000)]
  0x000001b64deef1b0 JavaThread "Unconstrained build operations Thread 20" [_thread_blocked, id=29368, stack(0x000000118be00000,0x000000118bf00000)]
  0x000001b64deef6c0 JavaThread "Unconstrained build operations Thread 21" [_thread_blocked, id=11900, stack(0x000000118bf00000,0x000000118c000000)]
  0x000001b64deefbd0 JavaThread "Unconstrained build operations Thread 22" [_thread_blocked, id=10192, stack(0x000000118c000000,0x000000118c100000)]
  0x000001b64deedd70 JavaThread "Unconstrained build operations Thread 23" [_thread_blocked, id=20420, stack(0x000000118c100000,0x000000118c200000)]
  0x000001b64def00e0 JavaThread "Unconstrained build operations Thread 24" [_thread_blocked, id=5544, stack(0x000000118c200000,0x000000118c300000)]
  0x000001b64deed860 JavaThread "Unconstrained build operations Thread 25" [_thread_blocked, id=16780, stack(0x000000118c300000,0x000000118c400000)]
  0x000001b64def1520 JavaThread "Unconstrained build operations Thread 26" [_thread_blocked, id=28612, stack(0x000000118c400000,0x000000118c500000)]
  0x000001b64deee280 JavaThread "Unconstrained build operations Thread 27" [_thread_blocked, id=11568, stack(0x000000118c500000,0x000000118c600000)]
  0x000001b64def47c0 JavaThread "Unconstrained build operations Thread 28" [_thread_blocked, id=29068, stack(0x000000118c600000,0x000000118c700000)]
  0x000001b64def42b0 JavaThread "Unconstrained build operations Thread 29" [_thread_blocked, id=25320, stack(0x000000118c700000,0x000000118c800000)]
  0x000001b64def1f40 JavaThread "Unconstrained build operations Thread 30" [_thread_blocked, id=13812, stack(0x000000118c800000,0x000000118c900000)]
  0x000001b64def2450 JavaThread "Unconstrained build operations Thread 31" [_thread_blocked, id=2636, stack(0x000000118c900000,0x000000118ca00000)]
  0x000001b64def2960 JavaThread "Unconstrained build operations Thread 32" [_thread_blocked, id=4012, stack(0x000000118ca00000,0x000000118cb00000)]
  0x000001b64def3da0 JavaThread "Unconstrained build operations Thread 33" [_thread_blocked, id=6208, stack(0x000000118cb00000,0x000000118cc00000)]
  0x000001b64def1a30 JavaThread "Unconstrained build operations Thread 34" [_thread_blocked, id=27708, stack(0x000000118cc00000,0x000000118cd00000)]
  0x000001b64def2e70 JavaThread "Unconstrained build operations Thread 35" [_thread_blocked, id=17080, stack(0x000000118cd00000,0x000000118ce00000)]
  0x000001b64def3380 JavaThread "Unconstrained build operations Thread 36" [_thread_blocked, id=5344, stack(0x000000118ce00000,0x000000118cf00000)]
  0x000001b64def3890 JavaThread "Unconstrained build operations Thread 37" [_thread_blocked, id=27736, stack(0x000000118cf00000,0x000000118d000000)]
  0x000001b64f0a4df0 JavaThread "Unconstrained build operations Thread 38" [_thread_blocked, id=18844, stack(0x000000118d000000,0x000000118d100000)]
  0x000001b64f0a5810 JavaThread "Unconstrained build operations Thread 39" [_thread_blocked, id=28328, stack(0x000000118d100000,0x000000118d200000)]
  0x000001b64f0a43d0 JavaThread "Unconstrained build operations Thread 40" [_thread_blocked, id=19828, stack(0x000000118d200000,0x000000118d300000)]
  0x000001b64f0a2f90 JavaThread "Unconstrained build operations Thread 41" [_thread_blocked, id=19956, stack(0x000000118d300000,0x000000118d400000)]
  0x000001b64f0a5300 JavaThread "Unconstrained build operations Thread 42" [_thread_blocked, id=25664, stack(0x000000118d400000,0x000000118d500000)]
  0x000001b64f0a2060 JavaThread "Unconstrained build operations Thread 43" [_thread_blocked, id=27744, stack(0x000000118d500000,0x000000118d600000)]
  0x000001b64f0a34a0 JavaThread "Unconstrained build operations Thread 44" [_thread_blocked, id=6960, stack(0x000000118d600000,0x000000118d700000)]
  0x000001b64f0a48e0 JavaThread "Unconstrained build operations Thread 45" [_thread_blocked, id=11548, stack(0x000000118d700000,0x000000118d800000)]
  0x000001b64f0a5d20 JavaThread "Unconstrained build operations Thread 46" [_thread_blocked, id=9172, stack(0x000000118d800000,0x000000118d900000)]
  0x000001b64f0a2570 JavaThread "Unconstrained build operations Thread 47" [_thread_blocked, id=27560, stack(0x000000118d900000,0x000000118da00000)]
  0x000001b64f0a6230 JavaThread "Unconstrained build operations Thread 48" [_thread_blocked, id=21300, stack(0x000000118da00000,0x000000118db00000)]
  0x000001b64f0a3ec0 JavaThread "Unconstrained build operations Thread 49" [_thread_blocked, id=17456, stack(0x000000118db00000,0x000000118dc00000)]
  0x000001b64f0a2a80 JavaThread "Unconstrained build operations Thread 50" [_thread_blocked, id=620, stack(0x000000118dc00000,0x000000118dd00000)]
  0x000001b64f0a6c50 JavaThread "Unconstrained build operations Thread 51" [_thread_blocked, id=1564, stack(0x000000118dd00000,0x000000118de00000)]
  0x000001b64f0a6740 JavaThread "Unconstrained build operations Thread 52" [_thread_blocked, id=8916, stack(0x000000118de00000,0x000000118df00000)]
  0x000001b64f0a39b0 JavaThread "Unconstrained build operations Thread 53" [_thread_blocked, id=15876, stack(0x000000118df00000,0x000000118e000000)]
  0x000001b64f0a99e0 JavaThread "Unconstrained build operations Thread 54" [_thread_blocked, id=6324, stack(0x000000118e000000,0x000000118e100000)]
  0x000001b64f0a8fc0 JavaThread "Unconstrained build operations Thread 55" [_thread_blocked, id=9476, stack(0x000000118e100000,0x000000118e200000)]
  0x000001b64f0a94d0 JavaThread "Unconstrained build operations Thread 56" [_thread_blocked, id=29340, stack(0x000000118e200000,0x000000118e300000)]
  0x000001b64f0a7160 JavaThread "Unconstrained build operations Thread 57" [_thread_blocked, id=1596, stack(0x000000118e300000,0x000000118e400000)]
  0x000001b64f0a7670 JavaThread "Unconstrained build operations Thread 58" [_thread_blocked, id=6760, stack(0x000000118e400000,0x000000118e500000)]
  0x000001b64f0a7b80 JavaThread "Unconstrained build operations Thread 59" [_thread_blocked, id=29588, stack(0x000000118e500000,0x000000118e600000)]
  0x000001b64f0a8090 JavaThread "Unconstrained build operations Thread 60" [_thread_blocked, id=28316, stack(0x000000118e600000,0x000000118e700000)]
  0x000001b64f0a85a0 JavaThread "Unconstrained build operations Thread 61" [_thread_blocked, id=12004, stack(0x000000118e700000,0x000000118e800000)]
  0x000001b64f0a8ab0 JavaThread "Unconstrained build operations Thread 62" [_thread_blocked, id=8576, stack(0x000000118e800000,0x000000118e900000)]
  0x000001b64cc25770 JavaThread "Unconstrained build operations Thread 63" [_thread_blocked, id=6980, stack(0x000000118e900000,0x000000118ea00000)]
  0x000001b64cc24d50 JavaThread "Unconstrained build operations Thread 64" [_thread_blocked, id=3656, stack(0x000000118ea00000,0x000000118eb00000)]
  0x000001b64cc25c80 JavaThread "Unconstrained build operations Thread 65" [_thread_blocked, id=27696, stack(0x000000118eb00000,0x000000118ec00000)]
  0x000001b64cc270c0 JavaThread "Unconstrained build operations Thread 66" [_thread_blocked, id=27456, stack(0x000000118ec00000,0x000000118ed00000)]
  0x000001b64cc26190 JavaThread "Unconstrained build operations Thread 67" [_thread_blocked, id=30068, stack(0x000000118ed00000,0x000000118ee00000)]
  0x000001b64cc26bb0 JavaThread "Unconstrained build operations Thread 68" [_thread_blocked, id=1120, stack(0x000000118ee00000,0x000000118ef00000)]
  0x000001b64cc266a0 JavaThread "Unconstrained build operations Thread 69" [_thread_blocked, id=8488, stack(0x000000118ef00000,0x000000118f000000)]
  0x000001b64cc27ae0 JavaThread "Unconstrained build operations Thread 70" [_thread_blocked, id=21924, stack(0x000000118f000000,0x000000118f100000)]
  0x000001b64cc24840 JavaThread "Unconstrained build operations Thread 71" [_thread_blocked, id=19608, stack(0x000000118f100000,0x000000118f200000)]
  0x000001b64cc275d0 JavaThread "Unconstrained build operations Thread 72" [_thread_blocked, id=6260, stack(0x000000118f200000,0x000000118f300000)]
  0x000001b64cc25260 JavaThread "Unconstrained build operations Thread 73" [_thread_blocked, id=26096, stack(0x000000118f300000,0x000000118f400000)]
  0x000001b64cc24330 JavaThread "Unconstrained build operations Thread 74" [_thread_blocked, id=28164, stack(0x000000118f400000,0x000000118f500000)]
  0x000001b64ae99ce0 JavaThread "Unconstrained build operations Thread 75" [_thread_blocked, id=18024, stack(0x000000118f500000,0x000000118f600000)]
  0x000001b64ae9c560 JavaThread "Memory manager" [_thread_blocked, id=25264, stack(0x000000118f600000,0x000000118f700000)]
  0x000001b64ae997d0 JavaThread "Cache worker for Build Output Cleanup Cache (D:\Develop\AI\lx-music-mobile\lx-music-mobile\android\.gradle\buildOutputCleanup)" [_thread_blocked, id=30360, stack(0x000000118f700000,0x000000118f800000)]
  0x000001b64ae9cf80 JavaThread "jar transforms Thread 7" [_thread_blocked, id=25000, stack(0x000000118f800000,0x000000118f900000)]
  0x000001b64ae9b120 JavaThread "ForkJoinPool.commonPool-worker-1" daemon [_thread_blocked, id=3380, stack(0x000000118ae00000,0x000000118af00000)]
  0x000001b64ae9b630 JavaThread "ForkJoinPool.commonPool-worker-2" daemon [_thread_blocked, id=29872, stack(0x000000118af00000,0x000000118b000000)]
  0x000001b64ae9bb40 JavaThread "ForkJoinPool.commonPool-worker-3" daemon [_thread_blocked, id=27900, stack(0x000000118b000000,0x000000118b100000)]
  0x000001b6487e27d0 JavaThread "ForkJoinPool.commonPool-worker-4" daemon [_thread_blocked, id=664, stack(0x000000118f900000,0x000000118fa00000)]
  0x000001b6024661d0 JavaThread "ForkJoinPool.commonPool-worker-5" daemon [_thread_blocked, id=7808, stack(0x000000118fa00000,0x000000118fb00000)]
  0x000001b602468540 JavaThread "ForkJoinPool.commonPool-worker-6" daemon [_thread_blocked, id=12668, stack(0x000000118fb00000,0x000000118fc00000)]
  0x000001b6024666e0 JavaThread "ForkJoinPool.commonPool-worker-7" daemon [_thread_blocked, id=16392, stack(0x000000118fc00000,0x000000118fd00000)]
  0x000001b6024652a0 JavaThread "ForkJoinPool.commonPool-worker-9" daemon [_thread_blocked, id=23848, stack(0x000000118fe00000,0x000000118ff00000)]
  0x000001b602466bf0 JavaThread "ForkJoinPool.commonPool-worker-10" daemon [_thread_blocked, id=21904, stack(0x000000118ff00000,0x0000001190000000)]
  0x000001b602468f60 JavaThread "ForkJoinPool.commonPool-worker-11" daemon [_thread_blocked, id=29800, stack(0x0000001190100000,0x0000001190200000)]
  0x000001b602468030 JavaThread "ForkJoinPool.commonPool-worker-12" daemon [_thread_blocked, id=2348, stack(0x0000001190400000,0x0000001190500000)]
  0x000001b6024657b0 JavaThread "ForkJoinPool.commonPool-worker-13" daemon [_thread_blocked, id=26208, stack(0x0000001190500000,0x0000001190600000)]
  0x000001b60246b7e0 JavaThread "included builds" [_thread_blocked, id=7864, stack(0x0000001190700000,0x0000001190800000)]
  0x000001b60246a8b0 JavaThread "Execution worker" [_thread_blocked, id=6976, stack(0x0000001190800000,0x0000001190900000)]
  0x000001b602469980 JavaThread "Execution worker Thread 2" [_thread_blocked, id=29276, stack(0x0000001190900000,0x0000001190a00000)]
  0x000001b60246b2d0 JavaThread "Execution worker Thread 3" [_thread_blocked, id=7908, stack(0x0000001190a00000,0x0000001190b00000)]
  0x000001b60246c710 JavaThread "Execution worker Thread 4" [_thread_blocked, id=27844, stack(0x0000001190b00000,0x0000001190c00000)]
  0x000001b60246bcf0 JavaThread "Execution worker Thread 5" [_thread_blocked, id=28824, stack(0x0000001190c00000,0x0000001190d00000)]
  0x000001b60246a3a0 JavaThread "Execution worker Thread 6" [_thread_blocked, id=4036, stack(0x0000001190d00000,0x0000001190e00000)]
  0x000001b60246cc20 JavaThread "Execution worker Thread 7" [_thread_blocked, id=25172, stack(0x0000001190e00000,0x0000001190f00000)]
  0x000001b602469470 JavaThread "Execution worker Thread 8" [_thread_blocked, id=29484, stack(0x0000001190f00000,0x0000001191000000)]
  0x000001b602469e90 JavaThread "Execution worker Thread 9" [_thread_blocked, id=16360, stack(0x0000001191000000,0x0000001191100000)]
  0x000001b60246adc0 JavaThread "Execution worker Thread 10" [_thread_blocked, id=6972, stack(0x0000001191100000,0x0000001191200000)]
  0x000001b64f589f20 JavaThread "Execution worker Thread 11" [_thread_blocked, id=28960, stack(0x0000001191200000,0x0000001191300000)]
  0x000001b64f5880c0 JavaThread "Execution worker Thread 12" [_thread_blocked, id=17144, stack(0x0000001191300000,0x0000001191400000)]
  0x000001b64f586c80 JavaThread "Execution worker Thread 13" [_thread_blocked, id=4588, stack(0x0000001191400000,0x0000001191500000)]
  0x000001b64f589500 JavaThread "Execution worker Thread 14" [_thread_blocked, id=17828, stack(0x0000001191500000,0x0000001191600000)]
  0x000001b64f5885d0 JavaThread "Execution worker Thread 15" [_thread_blocked, id=4636, stack(0x0000001191600000,0x0000001191700000)]
  0x000001b64f588ae0 JavaThread "Execution worker Thread 16" [_thread_blocked, id=10988, stack(0x0000001191700000,0x0000001191800000)]
  0x000001b64f58a430 JavaThread "Execution worker Thread 17" [_thread_blocked, id=28356, stack(0x0000001191800000,0x0000001191900000)]
  0x000001b64f587190 JavaThread "Execution worker Thread 18" [_thread_blocked, id=30340, stack(0x0000001191900000,0x0000001191a00000)]
  0x000001b64f589a10 JavaThread "Execution worker Thread 19" [_thread_blocked, id=2200, stack(0x0000001191a00000,0x0000001191b00000)]
  0x000001b64f587bb0 JavaThread "Execution worker Thread 20" [_thread_blocked, id=29980, stack(0x0000001191b00000,0x0000001191c00000)]
  0x000001b64f5876a0 JavaThread "Execution worker Thread 21" [_thread_blocked, id=4008, stack(0x0000001191c00000,0x0000001191d00000)]
  0x000001b64f58c290 JavaThread "Execution worker Thread 22" [_thread_blocked, id=1908, stack(0x0000001191d00000,0x0000001191e00000)]
  0x000001b64f58a940 JavaThread "Execution worker Thread 23" [_thread_blocked, id=11852, stack(0x0000001191e00000,0x0000001191f00000)]
  0x000001b64f58ae50 JavaThread "Cache worker for execution history cache (D:\Develop\AI\lx-music-mobile\lx-music-mobile\node_modules\@react-native\gradle-plugin\.gradle\8.8\executionHistory)" [_thread_blocked, id=13332, stack(0x0000001191f00000,0x0000001192000000)]
  0x000001b64f58c7a0 JavaThread "Unconstrained build operations Thread 76" [_thread_blocked, id=632, stack(0x0000001192000000,0x0000001192100000)]
  0x000001b64f58b360 JavaThread "Unconstrained build operations Thread 77" [_thread_blocked, id=19504, stack(0x0000001192100000,0x0000001192200000)]
  0x000001b64f588ff0 JavaThread "Unconstrained build operations Thread 78" [_thread_blocked, id=29908, stack(0x0000001192200000,0x0000001192300000)]
  0x000001b64f58e0f0 JavaThread "Unconstrained build operations Thread 79" [_thread_blocked, id=29012, stack(0x0000001192300000,0x0000001192400000)]
  0x000001b64f58e600 JavaThread "Unconstrained build operations Thread 80" [_thread_blocked, id=19284, stack(0x0000001192400000,0x0000001192500000)]
  0x000001b64f58bd80 JavaThread "Unconstrained build operations Thread 81" [_thread_blocked, id=28200, stack(0x0000001192500000,0x0000001192600000)]
  0x000001b64f58b870 JavaThread "Unconstrained build operations Thread 82" [_thread_blocked, id=30324, stack(0x0000001192600000,0x0000001192700000)]
  0x000001b64f58d6d0 JavaThread "Unconstrained build operations Thread 83" [_thread_blocked, id=6904, stack(0x0000001192700000,0x0000001192800000)]
  0x000001b64f58ccb0 JavaThread "Unconstrained build operations Thread 84" [_thread_blocked, id=27124, stack(0x0000001192800000,0x0000001192900000)]
  0x000001b64f58d1c0 JavaThread "Unconstrained build operations Thread 85" [_thread_blocked, id=13832, stack(0x0000001192900000,0x0000001192a00000)]
  0x000001b64f58dbe0 JavaThread "Unconstrained build operations Thread 86" [_thread_blocked, id=1704, stack(0x0000001192a00000,0x0000001192b00000)]
  0x000001b64ca293e0 JavaThread "Unconstrained build operations Thread 87" [_thread_blocked, id=8864, stack(0x0000001192b00000,0x0000001192c00000)]
  0x000001b64ca2a820 JavaThread "Unconstrained build operations Thread 88" [_thread_blocked, id=28924, stack(0x0000001192c00000,0x0000001192d00000)]
  0x000001b64ca29e00 JavaThread "Unconstrained build operations Thread 89" [_thread_blocked, id=29172, stack(0x0000001192d00000,0x0000001192e00000)]
  0x000001b64ca2ad30 JavaThread "Unconstrained build operations Thread 90" [_thread_blocked, id=19752, stack(0x0000001192e00000,0x0000001192f00000)]
  0x000001b64ca2b240 JavaThread "Unconstrained build operations Thread 91" [_thread_blocked, id=1168, stack(0x0000001192f00000,0x0000001193000000)]
  0x000001b64ca298f0 JavaThread "Unconstrained build operations Thread 92" [_thread_blocked, id=23100, stack(0x0000001193000000,0x0000001193100000)]
  0x000001b64ca2b750 JavaThread "Unconstrained build operations Thread 93" [_thread_blocked, id=29700, stack(0x0000001193100000,0x0000001193200000)]
  0x000001b64ca27fa0 JavaThread "Unconstrained build operations Thread 94" [_thread_blocked, id=2624, stack(0x0000001193200000,0x0000001193300000)]
  0x000001b64ca2a310 JavaThread "Unconstrained build operations Thread 95" [_thread_blocked, id=25608, stack(0x0000001193300000,0x0000001193400000)]
  0x000001b64ca2bc60 JavaThread "Unconstrained build operations Thread 96" [_thread_blocked, id=624, stack(0x0000001193400000,0x0000001193500000)]
  0x000001b64ca284b0 JavaThread "Unconstrained build operations Thread 97" [_thread_blocked, id=30136, stack(0x0000001193500000,0x0000001193600000)]
  0x000001b64ca2c170 JavaThread "Unconstrained build operations Thread 98" [_thread_blocked, id=29636, stack(0x0000001193600000,0x0000001193700000)]
  0x000001b64ca289c0 JavaThread "Unconstrained build operations Thread 99" [_thread_blocked, id=24184, stack(0x0000001193700000,0x0000001193800000)]
  0x000001b64ca2c680 JavaThread "Unconstrained build operations Thread 100" [_thread_blocked, id=28108, stack(0x0000001193800000,0x0000001193900000)]
  0x000001b64ca28ed0 JavaThread "Unconstrained build operations Thread 101" [_thread_blocked, id=26396, stack(0x0000001193900000,0x0000001193a00000)]
  0x000001b64ca2f410 JavaThread "Unconstrained build operations Thread 102" [_thread_blocked, id=13916, stack(0x0000001193a00000,0x0000001193b00000)]
  0x000001b64ca2ef00 JavaThread "Unconstrained build operations Thread 103" [_thread_blocked, id=24200, stack(0x0000001193b00000,0x0000001193c00000)]
  0x000001b64ca2d5b0 JavaThread "Unconstrained build operations Thread 104" [_thread_blocked, id=29116, stack(0x0000001193c00000,0x0000001193d00000)]
  0x000001b64ca2cb90 JavaThread "Unconstrained build operations Thread 105" [_thread_blocked, id=12296, stack(0x0000001193d00000,0x0000001193e00000)]
  0x000001b64ca2d0a0 JavaThread "Unconstrained build operations Thread 106" [_thread_blocked, id=6676, stack(0x0000001193e00000,0x0000001193f00000)]
  0x000001b64ca2dac0 JavaThread "Unconstrained build operations Thread 107" [_thread_blocked, id=24808, stack(0x0000001193f00000,0x0000001194000000)]
  0x000001b64ca2dfd0 JavaThread "Unconstrained build operations Thread 108" [_thread_blocked, id=23832, stack(0x0000001194000000,0x0000001194100000)]
  0x000001b64ca2f920 JavaThread "Unconstrained build operations Thread 109" [_thread_blocked, id=13052, stack(0x0000001194100000,0x0000001194200000)]
  0x000001b64ca2e4e0 JavaThread "Unconstrained build operations Thread 110" [_thread_blocked, id=17388, stack(0x0000001194200000,0x0000001194300000)]
  0x000001b64ca2e9f0 JavaThread "Unconstrained build operations Thread 111" [_thread_blocked, id=12284, stack(0x0000001194300000,0x0000001194400000)]
  0x000001b649edce10 JavaThread "Unconstrained build operations Thread 112" [_thread_blocked, id=7212, stack(0x0000001194400000,0x0000001194500000)]
  0x000001b64bab2c00 JavaThread "Unconstrained build operations Thread 113" [_thread_blocked, id=8544, stack(0x0000001194500000,0x0000001194600000)]
  0x000001b64bab5ea0 JavaThread "Unconstrained build operations Thread 114" [_thread_blocked, id=9880, stack(0x0000001194600000,0x0000001194700000)]
  0x000001b64bab4f70 JavaThread "Unconstrained build operations Thread 115" [_thread_blocked, id=25560, stack(0x0000001194700000,0x0000001194800000)]
  0x000001b64bab4550 JavaThread "Unconstrained build operations Thread 116" [_thread_blocked, id=11592, stack(0x0000001194800000,0x0000001194900000)]
  0x000001b64bab4a60 JavaThread "Unconstrained build operations Thread 117" [_thread_blocked, id=27416, stack(0x0000001194900000,0x0000001194a00000)]
  0x000001b64bab5480 JavaThread "Unconstrained build operations Thread 118" [_thread_blocked, id=28432, stack(0x0000001194a00000,0x0000001194b00000)]
  0x000001b64bab63b0 JavaThread "Unconstrained build operations Thread 119" [_thread_blocked, id=4108, stack(0x0000001194b00000,0x0000001194c00000)]
  0x000001b64bab4040 JavaThread "Unconstrained build operations Thread 120" [_thread_blocked, id=4100, stack(0x0000001194c00000,0x0000001194d00000)]
  0x000001b64bab5990 JavaThread "Unconstrained build operations Thread 121" [_thread_blocked, id=22820, stack(0x0000001194d00000,0x0000001194e00000)]
  0x000001b64bab68c0 JavaThread "Unconstrained build operations Thread 122" [_thread_blocked, id=17920, stack(0x0000001194e00000,0x0000001194f00000)]
  0x000001b64bab3110 JavaThread "Unconstrained build operations Thread 123" [_thread_blocked, id=27112, stack(0x0000001194f00000,0x0000001195000000)]
  0x000001b64bab6dd0 JavaThread "Unconstrained build operations Thread 124" [_thread_blocked, id=27740, stack(0x0000001195000000,0x0000001195100000)]
  0x000001b64bab3620 JavaThread "Unconstrained build operations Thread 125" [_thread_blocked, id=588, stack(0x0000001195100000,0x0000001195200000)]
  0x000001b64bab72e0 JavaThread "Unconstrained build operations Thread 126" [_thread_blocked, id=26764, stack(0x0000001195200000,0x0000001195300000)]
  0x000001b64bab3b30 JavaThread "Unconstrained build operations Thread 127" [_thread_blocked, id=16848, stack(0x0000001195300000,0x0000001195400000)]
  0x000001b64bab77f0 JavaThread "Unconstrained build operations Thread 128" [_thread_blocked, id=12576, stack(0x0000001195400000,0x0000001195500000)]
  0x000001b64bab7d00 JavaThread "Unconstrained build operations Thread 129" [_thread_blocked, id=616, stack(0x0000001195500000,0x0000001195600000)]
  0x000001b64bab8210 JavaThread "Unconstrained build operations Thread 130" [_thread_blocked, id=11860, stack(0x0000001195600000,0x0000001195700000)]
  0x000001b64baba070 JavaThread "Unconstrained build operations Thread 131" [_thread_blocked, id=13024, stack(0x0000001195700000,0x0000001195800000)]
  0x000001b64baba580 JavaThread "Unconstrained build operations Thread 132" [_thread_blocked, id=30316, stack(0x0000001195800000,0x0000001195900000)]
  0x000001b64bab8720 JavaThread "Unconstrained build operations Thread 133" [_thread_blocked, id=1988, stack(0x0000001195900000,0x0000001195a00000)]
  0x000001b64bab9650 JavaThread "Unconstrained build operations Thread 134" [_thread_blocked, id=28524, stack(0x0000001195a00000,0x0000001195b00000)]
  0x000001b64bab8c30 JavaThread "Unconstrained build operations Thread 135" [_thread_blocked, id=27236, stack(0x0000001195b00000,0x0000001195c00000)]
  0x000001b64bab9140 JavaThread "Unconstrained build operations Thread 136" [_thread_blocked, id=28308, stack(0x0000001195c00000,0x0000001195d00000)]
  0x000001b64bab9b60 JavaThread "Unconstrained build operations Thread 137" [_thread_blocked, id=28876, stack(0x0000001195d00000,0x0000001195e00000)]
  0x000001b64ed04dd0 JavaThread "Unconstrained build operations Thread 138" [_thread_blocked, id=21932, stack(0x0000001196000000,0x0000001196100000)]
  0x000001b64ed05d00 JavaThread "Unconstrained build operations Thread 139" [_thread_blocked, id=29548, stack(0x0000001196100000,0x0000001196200000)]
  0x000001b64ed057f0 JavaThread "Unconstrained build operations Thread 140" [_thread_blocked, id=29824, stack(0x0000001196200000,0x0000001196300000)]
  0x000001b64ed06720 JavaThread "Unconstrained build operations Thread 141" [_thread_blocked, id=25392, stack(0x0000001196300000,0x0000001196400000)]
  0x000001b64ed06210 JavaThread "Unconstrained build operations Thread 142" [_thread_blocked, id=27084, stack(0x0000001196400000,0x0000001196500000)]
  0x000001b64ed06c30 JavaThread "Unconstrained build operations Thread 143" [_thread_blocked, id=17608, stack(0x0000001196500000,0x0000001196600000)]
  0x000001b64ed07140 JavaThread "Unconstrained build operations Thread 144" [_thread_blocked, id=25948, stack(0x0000001196600000,0x0000001196700000)]
  0x000001b64ed07650 JavaThread "Unconstrained build operations Thread 145" [_thread_blocked, id=11052, stack(0x0000001196700000,0x0000001196800000)]
  0x000001b64ed03ea0 JavaThread "Unconstrained build operations Thread 146" [_thread_blocked, id=28932, stack(0x0000001196800000,0x0000001196900000)]
  0x000001b64ed048c0 JavaThread "Unconstrained build operations Thread 147" [_thread_blocked, id=20652, stack(0x0000001196900000,0x0000001196a00000)]
  0x000001b64ed043b0 JavaThread "Unconstrained build operations Thread 148" [_thread_blocked, id=3968, stack(0x0000001196a00000,0x0000001196b00000)]
  0x000001b64ed052e0 JavaThread "Unconstrained build operations Thread 149" [_thread_blocked, id=30288, stack(0x0000001196b00000,0x0000001196c00000)]
  0x000001b64ed0a3e0 JavaThread "Unconstrained build operations Thread 150" [_thread_blocked, id=560, stack(0x0000001196c00000,0x0000001196d00000)]
  0x000001b64ed08fa0 JavaThread "Unconstrained build operations Thread 151" [_thread_blocked, id=25704, stack(0x0000001196d00000,0x0000001196e00000)]
  0x000001b64ed08580 JavaThread "Unconstrained build operations Thread 152" [_thread_blocked, id=6744, stack(0x0000001196e00000,0x0000001196f00000)]
  0x000001b64ed08070 JavaThread "Unconstrained build operations Thread 153" [_thread_blocked, id=656, stack(0x0000001196f00000,0x0000001197000000)]
  0x000001b64ed0ae00 JavaThread "Unconstrained build operations Thread 154" [_thread_blocked, id=29212, stack(0x0000001197000000,0x0000001197100000)]
  0x000001b64ed08a90 JavaThread "Unconstrained build operations Thread 155" [_thread_blocked, id=28180, stack(0x0000001197100000,0x0000001197200000)]
  0x000001b64ed094b0 JavaThread "Unconstrained build operations Thread 156" [_thread_blocked, id=27532, stack(0x0000001197200000,0x0000001197300000)]
  0x000001b64ed0c750 JavaThread "Unconstrained build operations Thread 157" [_thread_blocked, id=29812, stack(0x0000001197300000,0x0000001197400000)]
  0x000001b64ed0b310 JavaThread "Unconstrained build operations Thread 158" [_thread_blocked, id=7816, stack(0x0000001197400000,0x0000001197500000)]
  0x000001b64ed09ed0 JavaThread "Unconstrained build operations Thread 159" [_thread_blocked, id=2128, stack(0x0000001197500000,0x0000001197600000)]
  0x000001b64ed0a8f0 JavaThread "Unconstrained build operations Thread 160" [_thread_blocked, id=29224, stack(0x0000001197600000,0x0000001197700000)]
  0x000001b64ed0b820 JavaThread "Unconstrained build operations Thread 161" [_thread_blocked, id=26012, stack(0x0000001197700000,0x0000001197800000)]
  0x000001b64ed0bd30 JavaThread "Unconstrained build operations Thread 162" [_thread_blocked, id=28892, stack(0x0000001197800000,0x0000001197900000)]
  0x000001b64ed0c240 JavaThread "Unconstrained build operations Thread 163" [_thread_blocked, id=11556, stack(0x0000001197900000,0x0000001197a00000)]
  0x000001b64ed0cc60 JavaThread "Unconstrained build operations Thread 164" [_thread_blocked, id=28728, stack(0x0000001197a00000,0x0000001197b00000)]
  0x000001b64ed0d170 JavaThread "Unconstrained build operations Thread 165" [_thread_blocked, id=27552, stack(0x0000001197b00000,0x0000001197c00000)]
  0x000001b64ed099c0 JavaThread "Unconstrained build operations Thread 166" [_thread_blocked, id=27872, stack(0x0000001197c00000,0x0000001197d00000)]
  0x000001b64ed10410 JavaThread "Unconstrained build operations Thread 167" [_thread_blocked, id=6616, stack(0x0000001197d00000,0x0000001197e00000)]
  0x000001b64ed0ff00 JavaThread "Unconstrained build operations Thread 168" [_thread_blocked, id=28864, stack(0x0000001197e00000,0x0000001197f00000)]
  0x000001b64ed0d680 JavaThread "Unconstrained build operations Thread 169" [_thread_blocked, id=22816, stack(0x0000001197f00000,0x0000001198000000)]
  0x000001b64ed0eac0 JavaThread "jar transforms Thread 8" [_thread_blocked, id=29840, stack(0x0000001198100000,0x0000001198200000)]
  0x000001b64ed0db90 JavaThread "jar transforms Thread 9" [_thread_blocked, id=30412, stack(0x0000001198200000,0x0000001198300000)]
  0x000001b64ed11850 JavaThread "jar transforms Thread 10" [_thread_blocked, id=6308, stack(0x0000001198300000,0x0000001198400000)]
  0x000001b64ed0f9f0 JavaThread "build event listener" [_thread_blocked, id=30584, stack(0x0000001198400000,0x0000001198500000)]
  0x000001b64ed131a0 JavaThread "jar transforms Thread 11" [_thread_blocked, id=5980, stack(0x0000001198800000,0x0000001198900000)]
  0x000001b64ed136b0 JavaThread "jar transforms Thread 12" [_thread_blocked, id=19248, stack(0x0000001198900000,0x0000001198a00000)]
  0x000001b649107f50 JavaThread "jar transforms Thread 13" [_thread_blocked, id=25068, stack(0x0000001198a00000,0x0000001198b00000)]
  0x000001b656800300 JavaThread "Unconstrained build operations Thread 170" [_thread_blocked, id=29924, stack(0x0000001198b00000,0x0000001198c00000)]
  0x000001b656800810 JavaThread "Unconstrained build operations Thread 171" [_thread_blocked, id=27672, stack(0x0000001198c00000,0x0000001198d00000)]
  0x000001b6567fe9b0 JavaThread "Unconstrained build operations Thread 172" [_thread_blocked, id=2156, stack(0x0000001198d00000,0x0000001198e00000)]
  0x000001b6567fe4a0 JavaThread "Unconstrained build operations Thread 173" [_thread_blocked, id=5472, stack(0x0000001198e00000,0x0000001198f00000)]
  0x000001b6567feec0 JavaThread "Unconstrained build operations Thread 174" [_thread_blocked, id=24480, stack(0x0000001198f00000,0x0000001199000000)]
  0x000001b6567ffdf0 JavaThread "Unconstrained build operations Thread 175" [_thread_blocked, id=30660, stack(0x0000001199000000,0x0000001199100000)]
  0x000001b6567ff3d0 JavaThread "Unconstrained build operations Thread 176" [_thread_blocked, id=17840, stack(0x0000001199100000,0x0000001199200000)]
  0x000001b6567ff8e0 JavaThread "Unconstrained build operations Thread 177" [_thread_blocked, id=27016, stack(0x0000001199200000,0x0000001199300000)]
  0x000001b6567fd060 JavaThread "Unconstrained build operations Thread 178" [_thread_blocked, id=6652, stack(0x0000001199300000,0x0000001199400000)]
  0x000001b656800d20 JavaThread "Unconstrained build operations Thread 179" [_thread_blocked, id=23968, stack(0x0000001199400000,0x0000001199500000)]
  0x000001b6567fd570 JavaThread "Unconstrained build operations Thread 180" [_thread_blocked, id=30640, stack(0x0000001199500000,0x0000001199600000)]
  0x000001b656801230 JavaThread "Unconstrained build operations Thread 181" [_thread_blocked, id=25596, stack(0x0000001199600000,0x0000001199700000)]
  0x000001b6567fda80 JavaThread "Unconstrained build operations Thread 182" [_thread_blocked, id=3724, stack(0x0000001199700000,0x0000001199800000)]
  0x000001b656803fc0 JavaThread "Unconstrained build operations Thread 183" [_thread_blocked, id=14260, stack(0x0000001199800000,0x0000001199900000)]
  0x000001b6568035a0 JavaThread "Unconstrained build operations Thread 184" [_thread_blocked, id=20696, stack(0x0000001199900000,0x0000001199a00000)]
  0x000001b6568049e0 JavaThread "Unconstrained build operations Thread 185" [_thread_blocked, id=19824, stack(0x0000001199a00000,0x0000001199b00000)]
  0x000001b6568044d0 JavaThread "Unconstrained build operations Thread 186" [_thread_blocked, id=30616, stack(0x0000001199b00000,0x0000001199c00000)]
  0x000001b656802b80 JavaThread "Unconstrained build operations Thread 187" [_thread_blocked, id=24896, stack(0x0000001199c00000,0x0000001199d00000)]
  0x000001b656804ef0 JavaThread "Unconstrained build operations Thread 188" [_thread_blocked, id=28004, stack(0x0000001199d00000,0x0000001199e00000)]
  0x000001b656801740 JavaThread "Unconstrained build operations Thread 189" [_thread_blocked, id=13960, stack(0x0000001199e00000,0x0000001199f00000)]
  0x000001b656802670 JavaThread "Unconstrained build operations Thread 190" [_thread_blocked, id=27580, stack(0x0000001199f00000,0x000000119a000000)]
  0x000001b656805400 JavaThread "Unconstrained build operations Thread 191" [_thread_blocked, id=13952, stack(0x000000119a000000,0x000000119a100000)]
  0x000001b656801c50 JavaThread "Unconstrained build operations Thread 192" [_thread_blocked, id=10340, stack(0x000000119a100000,0x000000119a200000)]
  0x000001b656803090 JavaThread "Unconstrained build operations Thread 193" [_thread_blocked, id=30504, stack(0x000000119a200000,0x000000119a300000)]
  0x000001b656805910 JavaThread "Unconstrained build operations Thread 194" [_thread_blocked, id=30712, stack(0x000000119a300000,0x000000119a400000)]
  0x000001b656802160 JavaThread "Unconstrained build operations Thread 195" [_thread_blocked, id=27304, stack(0x000000119a400000,0x000000119a500000)]
  0x000001b6568090c0 JavaThread "Unconstrained build operations Thread 196" [_thread_blocked, id=2648, stack(0x000000119a500000,0x000000119a600000)]
  0x000001b6568095d0 JavaThread "Unconstrained build operations Thread 197" [_thread_blocked, id=5172, stack(0x000000119a600000,0x000000119a700000)]
  0x000001b656806840 JavaThread "Unconstrained build operations Thread 198" [_thread_blocked, id=13956, stack(0x000000119a700000,0x000000119a800000)]
  0x000001b656806d50 JavaThread "Unconstrained build operations Thread 199" [_thread_blocked, id=29832, stack(0x000000119a800000,0x000000119a900000)]
  0x000001b656805e20 JavaThread "Unconstrained build operations Thread 200" [_thread_blocked, id=12496, stack(0x000000119a900000,0x000000119aa00000)]
  0x000001b656807260 JavaThread "Unconstrained build operations Thread 201" [_thread_blocked, id=8032, stack(0x000000119aa00000,0x000000119ab00000)]
  0x000001b6568086a0 JavaThread "Unconstrained build operations Thread 202" [_thread_blocked, id=28936, stack(0x000000119ab00000,0x000000119ac00000)]
  0x000001b656808bb0 JavaThread "Unconstrained build operations Thread 203" [_thread_blocked, id=30580, stack(0x000000119ac00000,0x000000119ad00000)]
  0x000001b656809ae0 JavaThread "Unconstrained build operations Thread 204" [_thread_blocked, id=29316, stack(0x000000119ad00000,0x000000119ae00000)]
  0x000001b656807770 JavaThread "Unconstrained build operations Thread 205" [_thread_blocked, id=5572, stack(0x000000119ae00000,0x000000119af00000)]
  0x000001b656807c80 JavaThread "Unconstrained build operations Thread 206" [_thread_blocked, id=25188, stack(0x000000119af00000,0x000000119b000000)]
  0x000001b656806330 JavaThread "Unconstrained build operations Thread 207" [_thread_blocked, id=25112, stack(0x000000119b000000,0x000000119b100000)]
  0x000001b656809ff0 JavaThread "jar transforms Thread 14" [_thread_blocked, id=6336, stack(0x000000119b100000,0x000000119b200000)]
  0x000001b656808190 JavaThread "jar transforms Thread 15" [_thread_blocked, id=27952, stack(0x0000001198000000,0x0000001198100000)]
  0x000001b65680a500 JavaThread "jar transforms Thread 16" [_thread_blocked, id=4428, stack(0x000000119b200000,0x000000119b300000)]
  0x000001b65680c870 JavaThread "jar transforms Thread 17" [_thread_blocked, id=28504, stack(0x000000119b300000,0x000000119b400000)]
  0x000001b65680af20 JavaThread "jar transforms Thread 18" [_thread_blocked, id=30468, stack(0x000000119b400000,0x000000119b500000)]
  0x000001b65680b430 JavaThread "jar transforms Thread 19" [_thread_blocked, id=25104, stack(0x000000119b500000,0x000000119b600000)]
  0x000001b65680b940 JavaThread "Unconstrained build operations Thread 208" [_thread_blocked, id=18176, stack(0x0000001187400000,0x0000001187500000)]
  0x000001b65680c360 JavaThread "Unconstrained build operations Thread 209" [_thread_blocked, id=27960, stack(0x000000118ad00000,0x000000118ae00000)]
  0x000001b64def76e0 JavaThread "Unconstrained build operations Thread 210" [_thread_blocked, id=11124, stack(0x000000119b600000,0x000000119b700000)]
  0x000001b64def6cc0 JavaThread "Unconstrained build operations Thread 211" [_thread_blocked, id=3348, stack(0x000000119b700000,0x000000119b800000)]
  0x000001b64def71d0 JavaThread "Unconstrained build operations Thread 212" [_thread_blocked, id=29560, stack(0x000000119b800000,0x000000119b900000)]
  0x000001b64def7bf0 JavaThread "Unconstrained build operations Thread 213" [_thread_blocked, id=25900, stack(0x000000119b900000,0x000000119ba00000)]
  0x000001b64def8100 JavaThread "Unconstrained build operations Thread 214" [_thread_blocked, id=27528, stack(0x000000119ba00000,0x000000119bb00000)]
  0x000001b64def4e60 JavaThread "Unconstrained build operations Thread 215" [_thread_blocked, id=7992, stack(0x000000119bb00000,0x000000119bc00000)]
  0x000001b64def5370 JavaThread "Unconstrained build operations Thread 216" [_thread_blocked, id=14080, stack(0x000000119bc00000,0x000000119bd00000)]
  0x000001b64def8b20 JavaThread "Unconstrained build operations Thread 217" [_thread_blocked, id=27652, stack(0x000000119bd00000,0x000000119be00000)]
  0x000001b64def62a0 JavaThread "Unconstrained build operations Thread 218" [_thread_blocked, id=14240, stack(0x000000119be00000,0x000000119bf00000)]
  0x000001b64def8610 JavaThread "Unconstrained build operations Thread 219" [_thread_blocked, id=25424, stack(0x000000119bf00000,0x000000119c000000)]
  0x000001b64def9030 JavaThread "Unconstrained build operations Thread 220" [_thread_blocked, id=29380, stack(0x000000119c000000,0x000000119c100000)]
  0x000001b64def5880 JavaThread "Unconstrained build operations Thread 221" [_thread_blocked, id=29492, stack(0x000000119c100000,0x000000119c200000)]
  0x000001b64def9540 JavaThread "Unconstrained build operations Thread 222" [_thread_blocked, id=21384, stack(0x000000119c200000,0x000000119c300000)]
  0x000001b64def5d90 JavaThread "Unconstrained build operations Thread 223" [_thread_blocked, id=2152, stack(0x000000119c300000,0x000000119c400000)]
  0x000001b64def9a50 JavaThread "Unconstrained build operations Thread 224" [_thread_blocked, id=29660, stack(0x000000119c400000,0x000000119c500000)]
  0x000001b64def67b0 JavaThread "Unconstrained build operations Thread 225" [_thread_blocked, id=28708, stack(0x000000119c500000,0x000000119c600000)]
  0x000001b64defb8b0 JavaThread "Unconstrained build operations Thread 226" [_thread_blocked, id=12880, stack(0x000000119c600000,0x000000119c700000)]
  0x000001b64defc2d0 JavaThread "Unconstrained build operations Thread 227" [_thread_blocked, id=568, stack(0x000000119c700000,0x000000119c800000)]
  0x000001b64defc7e0 JavaThread "Unconstrained build operations Thread 228" [_thread_blocked, id=12812, stack(0x000000119c800000,0x000000119c900000)]
  0x000001b64defccf0 JavaThread "Unconstrained build operations Thread 229" [_thread_blocked, id=29252, stack(0x000000119c900000,0x000000119ca00000)]
  0x000001b64defa980 JavaThread "Unconstrained build operations Thread 230" [_thread_blocked, id=18388, stack(0x000000119ca00000,0x000000119cb00000)]
  0x000001b64defd200 JavaThread "Unconstrained build operations Thread 231" [_thread_blocked, id=10804, stack(0x000000119cb00000,0x000000119cc00000)]
  0x000001b64defd710 JavaThread "Unconstrained build operations Thread 232" [_thread_blocked, id=27504, stack(0x000000119cc00000,0x000000119cd00000)]
  0x000001b64defbdc0 JavaThread "Unconstrained build operations Thread 233" [_thread_blocked, id=13676, stack(0x000000119cd00000,0x000000119ce00000)]
  0x000001b64defb3a0 JavaThread "Unconstrained build operations Thread 234" [_thread_blocked, id=27864, stack(0x000000119ce00000,0x000000119cf00000)]
  0x000001b64defa470 JavaThread "Unconstrained build operations Thread 235" [_thread_blocked, id=26028, stack(0x000000119cf00000,0x000000119d000000)]
  0x000001b64def9f60 JavaThread "Unconstrained build operations Thread 236" [_thread_blocked, id=2884, stack(0x000000119d000000,0x000000119d100000)]
  0x000001b64defdc20 JavaThread "Unconstrained build operations Thread 237" [_thread_blocked, id=28696, stack(0x000000119d100000,0x000000119d200000)]
  0x000001b64defe130 JavaThread "Unconstrained build operations Thread 238" [_thread_blocked, id=25684, stack(0x000000119d200000,0x000000119d300000)]
  0x000001b64defe640 JavaThread "Unconstrained build operations Thread 239" [_thread_blocked, id=21368, stack(0x000000119d300000,0x000000119d400000)]
  0x000001b64defae90 JavaThread "Unconstrained build operations Thread 240" [_thread_blocked, id=29712, stack(0x000000119d400000,0x000000119d500000)]
  0x000001b64df013d0 JavaThread "jar transforms Thread 20" [_thread_blocked, id=28964, stack(0x000000119d600000,0x000000119d700000)]
  0x000001b64df018e0 JavaThread "jar transforms Thread 21" [_thread_blocked, id=18256, stack(0x0000001187200000,0x0000001187300000)]
  0x000001b64df01df0 JavaThread "jar transforms Thread 22" [_thread_blocked, id=29640, stack(0x0000001198600000,0x0000001198700000)]
  0x000001b64defff90 JavaThread "jar transforms Thread 23" [_thread_blocked, id=9988, stack(0x000000119d800000,0x000000119d900000)]
  0x000001b64df02300 JavaThread "jar transforms Thread 24" [_thread_blocked, id=28384, stack(0x000000119d900000,0x000000119da00000)]
  0x000001b64df04160 JavaThread "Cache worker for execution history cache (D:\Develop\AI\lx-music-mobile\lx-music-mobile\android\.gradle\8.8\executionHistory)" [_thread_blocked, id=29624, stack(0x000000119de00000,0x000000119df00000)]
  0x000001b658b7acd0 JavaThread "WorkerExecutor Queue Thread 2" [_thread_blocked, id=20680, stack(0x000000119e000000,0x000000119e100000)]
  0x000001b658b7b1e0 JavaThread "WorkerExecutor Queue Thread 3" [_thread_blocked, id=12304, stack(0x000000119e100000,0x000000119e200000)]
  0x000001b658b7a2b0 JavaThread "WorkerExecutor Queue Thread 4" [_thread_blocked, id=5644, stack(0x000000119e200000,0x000000119e300000)]
  0x000001b658b7b6f0 JavaThread "WorkerExecutor Queue Thread 5" [_thread_blocked, id=17808, stack(0x000000119e300000,0x000000119e400000)]
  0x000001b658b7bc00 JavaThread "WorkerExecutor Queue Thread 6" [_thread_blocked, id=28120, stack(0x000000119e400000,0x000000119e500000)]
  0x000001b658b7c110 JavaThread "WorkerExecutor Queue Thread 7" [_thread_blocked, id=1912, stack(0x000000119e500000,0x000000119e600000)]
  0x000001b658b7c620 JavaThread "WorkerExecutor Queue Thread 8" [_thread_blocked, id=14032, stack(0x000000119e600000,0x000000119e700000)]
  0x000001b658b7a7c0 JavaThread "WorkerExecutor Queue Thread 9" [_thread_blocked, id=20728, stack(0x000000119e700000,0x000000119e800000)]
  0x000001b658b7cb30 JavaThread "WorkerExecutor Queue Thread 10" [_thread_blocked, id=7984, stack(0x000000119e800000,0x000000119e900000)]
  0x000001b658b79380 JavaThread "WorkerExecutor Queue Thread 11" [_thread_blocked, id=17328, stack(0x000000119e900000,0x000000119ea00000)]
  0x000001b658b79890 JavaThread "WorkerExecutor Queue Thread 13" [_thread_blocked, id=27540, stack(0x000000119eb00000,0x000000119ec00000)]
  0x000001b658b7d550 JavaThread "WorkerExecutor Queue Thread 14" [_thread_blocked, id=23964, stack(0x000000119ec00000,0x000000119ed00000)]
  0x000001b602465cc0 JavaThread "WorkerExecutor Queue Thread 17" [_thread_blocked, id=29776, stack(0x000000119ef00000,0x000000119f000000)]
  0x000001b60246c200 JavaThread "WorkerExecutor Queue Thread 18" [_thread_blocked, id=21672, stack(0x000000119f000000,0x000000119f100000)]
  0x000001b64df02810 JavaThread "WorkerExecutor Queue Thread 19" [_thread_blocked, id=25304, stack(0x000000119f100000,0x000000119f200000)]
  0x000001b649108e80 JavaThread "WorkerExecutor Queue Thread 21" [_thread_blocked, id=15828, stack(0x000000119f300000,0x000000119f400000)]
  0x000001b6487e3700 JavaThread "WorkerExecutor Queue Thread 22" [_thread_blocked, id=29732, stack(0x000000119f400000,0x000000119f500000)]
  0x000001b6570f88d0 JavaThread "pool-3-thread-1" [_thread_blocked, id=15840, stack(0x000000119f700000,0x000000119f800000)]
  0x000001b6570f9800 JavaThread "stderr" [_thread_in_native, id=15704, stack(0x000000119f800000,0x000000119f900000)]
  0x000001b6570fb660 JavaThread "stdout" [_thread_in_native, id=27244, stack(0x000000119f900000,0x000000119fa00000)]
  0x000001b6570f9d10 JavaThread "stderr" [_thread_in_native, id=26956, stack(0x000000119fa00000,0x000000119fb00000)]
  0x000001b6570fc590 JavaThread "stdout" [_thread_in_native, id=29344, stack(0x000000119fb00000,0x000000119fc00000)]
  0x000001b6570f8de0 JavaThread "stderr" [_thread_in_native, id=25212, stack(0x000000119fc00000,0x000000119fd00000)]
  0x000001b6570fee10 JavaThread "stdout" [_thread_in_native, id=30440, stack(0x000000119fd00000,0x000000119fe00000)]
  0x000001b6570ffd40 JavaThread "stderr" [_thread_in_native, id=7780, stack(0x000000119fe00000,0x000000119ff00000)]
  0x000001b657100250 JavaThread "stdout" [_thread_in_native, id=29360, stack(0x000000119ff00000,0x00000011a0000000)]
  0x000001b6570fcaa0 JavaThread "stderr" [_thread_in_native, id=26148, stack(0x00000011a0000000,0x00000011a0100000)]
  0x000001b6570fcfb0 JavaThread "stdout" [_thread_in_native, id=25976, stack(0x00000011a0100000,0x00000011a0200000)]
  0x000001b6570fe3f0 JavaThread "stderr" [_thread_in_native, id=3868, stack(0x00000011a0200000,0x00000011a0300000)]
  0x000001b6570ff830 JavaThread "stdout" [_thread_in_native, id=30480, stack(0x00000011a0300000,0x00000011a0400000)]
  0x000001b6570fd4c0 JavaThread "stderr" [_thread_in_native, id=25436, stack(0x00000011a0400000,0x00000011a0500000)]
  0x000001b6570fd9d0 JavaThread "stdout" [_thread_in_native, id=5764, stack(0x00000011a0500000,0x00000011a0600000)]
  0x000001b6570fdee0 JavaThread "stderr" [_thread_in_native, id=24796, stack(0x00000011a0600000,0x00000011a0700000)]
  0x000001b6570fe900 JavaThread "stdout" [_thread_in_native, id=16768, stack(0x00000011a0700000,0x00000011a0800000)]
  0x000001b6561b1480 JavaThread "RMI Scheduler(0)" daemon [_thread_blocked, id=13188, stack(0x000000119df00000,0x000000119e000000)]
  0x000001b6561b6fa0 JavaThread "RMI GC Daemon" daemon [_thread_blocked, id=30308, stack(0x00000011a0a00000,0x00000011a0b00000)]
  0x000001b6561b6070 JavaThread "RMI TCP Accept-0" daemon [_thread_in_native, id=28660, stack(0x00000011a0b00000,0x00000011a0c00000)]
  0x000001b6561b5650 JavaThread "RMI Reaper" [_thread_blocked, id=27980, stack(0x00000011a0c00000,0x00000011a0d00000)]
  0x000001b6561b6580 JavaThread "RMI TCP Connection(idle)" daemon [_thread_blocked, id=5676, stack(0x00000011a0d00000,0x00000011a0e00000)]
  0x000001b6561b74b0 JavaThread "Cache worker for Java compile cache (D:\Android\.gradle\caches\8.8\javaCompile)" [_thread_blocked, id=2792, stack(0x00000011a0e00000,0x00000011a0f00000)]
  0x000001b6561b79c0 JavaThread "Build operations" [_thread_blocked, id=27264, stack(0x000000119d500000,0x000000119d600000)]
  0x000001b6561b7ed0 JavaThread "Build operations Thread 2" [_thread_blocked, id=28048, stack(0x000000119da00000,0x000000119db00000)]
  0x000001b6561b83e0 JavaThread "Build operations Thread 3" [_thread_blocked, id=17804, stack(0x000000119ed00000,0x000000119ee00000)]
  0x000001b6561b88f0 JavaThread "Build operations Thread 4" [_thread_blocked, id=6940, stack(0x00000011a0f00000,0x00000011a1000000)]
  0x000001b6561b5140 JavaThread "Build operations Thread 5" [_thread_blocked, id=8968, stack(0x00000011a1000000,0x00000011a1100000)]
  0x000001b6561bc5b0 JavaThread "Build operations Thread 6" [_thread_blocked, id=30560, stack(0x00000011a1100000,0x00000011a1200000)]
  0x000001b6561bac60 JavaThread "Build operations Thread 7" [_thread_blocked, id=28472, stack(0x00000011a1200000,0x00000011a1300000)]
  0x000001b6561ba240 JavaThread "Build operations Thread 8" [_thread_blocked, id=16044, stack(0x00000011a1300000,0x00000011a1400000)]
  0x000001b6561bb680 JavaThread "Build operations Thread 9" [_thread_blocked, id=6820, stack(0x00000011a1400000,0x00000011a1500000)]
  0x000001b6561bbb90 JavaThread "Build operations Thread 10" [_thread_blocked, id=30104, stack(0x00000011a1500000,0x00000011a1600000)]
  0x000001b6561ba750 JavaThread "Build operations Thread 11" [_thread_blocked, id=10888, stack(0x00000011a1600000,0x00000011a1700000)]
  0x000001b6561b9820 JavaThread "Build operations Thread 12" [_thread_blocked, id=25572, stack(0x00000011a1700000,0x00000011a1800000)]
  0x000001b6561b9d30 JavaThread "Build operations Thread 13" [_thread_blocked, id=30292, stack(0x00000011a1800000,0x00000011a1900000)]
  0x000001b6561bc0a0 JavaThread "Build operations Thread 14" [_thread_blocked, id=21472, stack(0x00000011a1900000,0x00000011a1a00000)]
  0x000001b6561bb170 JavaThread "Build operations Thread 15" [_thread_blocked, id=21964, stack(0x00000011a1a00000,0x00000011a1b00000)]
  0x000001b6561b8e00 JavaThread "Build operations Thread 16" [_thread_blocked, id=28296, stack(0x00000011a1b00000,0x00000011a1c00000)]
  0x000001b6561b9310 JavaThread "Build operations Thread 17" [_thread_blocked, id=29004, stack(0x00000011a1c00000,0x00000011a1d00000)]
  0x000001b6561bf850 JavaThread "Build operations Thread 18" [_thread_blocked, id=11328, stack(0x00000011a1d00000,0x00000011a1e00000)]
  0x000001b6561bfd60 JavaThread "Build operations Thread 19" [_thread_blocked, id=9148, stack(0x00000011a1e00000,0x00000011a1f00000)]
  0x000001b6561bd4e0 JavaThread "Build operations Thread 20" [_thread_blocked, id=28904, stack(0x00000011a1f00000,0x00000011a2000000)]
  0x000001b6561be920 JavaThread "Build operations Thread 21" [_thread_blocked, id=8672, stack(0x00000011a2000000,0x00000011a2100000)]
  0x000001b6561bd9f0 JavaThread "Build operations Thread 22" [_thread_blocked, id=22884, stack(0x00000011a2100000,0x00000011a2200000)]
  0x000001b6561be410 JavaThread "Build operations Thread 23" [_thread_blocked, id=28800, stack(0x00000011a2200000,0x00000011a2300000)]
  0x000001b6561bcac0 JavaThread "Build operations Thread 24" [_thread_blocked, id=28552, stack(0x00000011a2600000,0x00000011a2700000)]
  0x000001b6561bdf00 JavaThread "RMI TCP Connection(idle)" daemon [_thread_blocked, id=30604, stack(0x00000011a2500000,0x00000011a2600000)]
  0x000001b6561b4210 JavaThread "RMI TCP Connection(idle)" daemon [_thread_blocked, id=25716, stack(0x00000011a2900000,0x00000011a2a00000)]
  0x000001b6561c6cc0 JavaThread "RMI TCP Connection(idle)" daemon [_thread_blocked, id=25024, stack(0x00000011a0900000,0x00000011a0a00000)]
  0x000001b6561c5d90 JavaThread "WorkerExecutor Queue Thread 26" [_thread_blocked, id=6216, stack(0x0000001185e00000,0x0000001185f00000)]
  0x000001b6561b1ea0 JavaThread "Exec process Thread 4" [_thread_blocked, id=25780, stack(0x0000001190600000,0x0000001190700000)]
  0x000001b6561c5880 JavaThread "Exec process Thread 5" [_thread_blocked, id=27680, stack(0x0000001198500000,0x0000001198600000)]
  0x000001b6561c4440 JavaThread "Exec process Thread 6" [_thread_blocked, id=2500, stack(0x000000119dc00000,0x000000119dd00000)]
  0x000001b6561c8100 JavaThread "WorkerExecutor Queue Thread 28" [_thread_blocked, id=11064, stack(0x0000001185f00000,0x0000001186000000)]
  0x000001b659635b50 JavaThread "C1 CompilerThread1" daemon [_thread_blocked, id=28736, stack(0x0000001186000000,0x0000001186100000)]
  0x000001b6561cc2d0 JavaThread "Exec process Thread 7" [_thread_blocked, id=11072, stack(0x0000001190200000,0x0000001190300000)]
  0x000001b6561c9030 JavaThread "Exec process Thread 8" [_thread_blocked, id=2732, stack(0x0000001190300000,0x0000001190400000)]
  0x000001b6561c9a50 JavaThread "Exec process Thread 9" [_thread_blocked, id=6504, stack(0x000000119f200000,0x000000119f300000)]
  0x000001b6561ca980 JavaThread "Exec process Thread 10" [_thread_blocked, id=27788, stack(0x00000011a0800000,0x00000011a0900000)]
  0x000001b6561cae90 JavaThread "Exec process Thread 11" [_thread_blocked, id=6564, stack(0x00000011a2800000,0x00000011a2900000)]
  0x000001b6561c9f60 JavaThread "Exec process Thread 12" [_thread_blocked, id=26592, stack(0x00000011a2a00000,0x00000011a2b00000)]
  0x000001b6561c9540 JavaThread "Exec process Thread 13" [_thread_blocked, id=26176, stack(0x00000011a2b00000,0x00000011a2c00000)]
  0x000001b6561cb8b0 JavaThread "Exec process Thread 14" [_thread_blocked, id=4256, stack(0x00000011a2c00000,0x00000011a2d00000)]
  0x000001b6561ca470 JavaThread "Exec process Thread 15" [_thread_blocked, id=5424, stack(0x00000011a2d00000,0x00000011a2e00000)]
  0x000001b6561cb3a0 JavaThread "WorkerExecutor Queue Thread 29" [_thread_blocked, id=27408, stack(0x0000001187300000,0x0000001187400000)]
  0x000001b6561cbdc0 JavaThread "WorkerExecutor Queue Thread 30" [_thread_blocked, id=30436, stack(0x000000118fd00000,0x000000118fe00000)]
  0x000001b602467b20 JavaThread "Exec process Thread 16" [_thread_blocked, id=29512, stack(0x00000011a3400000,0x00000011a3500000)]
  0x000001b6561c76e0 JavaThread "Exec process Thread 17" [_thread_blocked, id=3976, stack(0x00000011a3500000,0x00000011a3600000)]
  0x000001b6561cccf0 JavaThread "Exec process Thread 18" [_thread_blocked, id=25640, stack(0x00000011a3600000,0x00000011a3700000)]
  0x000001b6561ceb50 JavaThread "WorkerExecutor Queue Thread 31" [_thread_blocked, id=7144, stack(0x00000011a3700000,0x00000011a3800000)]
  0x000001b6561cf570 JavaThread "Exec process Thread 19" [_thread_blocked, id=20496, stack(0x00000011a3800000,0x00000011a3900000)]
  0x000001b6561cfa80 JavaThread "Exec process Thread 20" [_thread_blocked, id=29568, stack(0x00000011a3900000,0x00000011a3a00000)]
  0x000001b658b79da0 JavaThread "Exec process Thread 21" [_thread_blocked, id=30692, stack(0x00000011a3a00000,0x00000011a3b00000)]
  0x000001b658b7f8c0 JavaThread "Exec process Thread 22" [_thread_blocked, id=612, stack(0x00000011a3b00000,0x00000011a3c00000)]
  0x000001b658b7e990 JavaThread "Exec process Thread 23" [_thread_blocked, id=30512, stack(0x00000011a3c00000,0x00000011a3d00000)]
  0x000001b658b802e0 JavaThread "Exec process Thread 24" [_thread_blocked, id=27176, stack(0x00000011a3d00000,0x00000011a3e00000)]
  0x000001b658b7d040 JavaThread "Exec process Thread 25" [_thread_blocked, id=29240, stack(0x00000011a3e00000,0x00000011a3f00000)]
  0x000001b6570fbb70 JavaThread "Exec process Thread 26" [_thread_blocked, id=17296, stack(0x00000011a3f00000,0x00000011a4000000)]
  0x000001b6570fac40 JavaThread "Exec process Thread 27" [_thread_blocked, id=10356, stack(0x00000011a4000000,0x00000011a4100000)]
  0x000001b6570fc080 JavaThread "Exec process Thread 28" [_thread_blocked, id=28888, stack(0x00000011a4100000,0x00000011a4200000)]
  0x000001b656803ab0 JavaThread "Exec process Thread 29" [_thread_blocked, id=29144, stack(0x00000011a4200000,0x00000011a4300000)]
  0x000001b65680aa10 JavaThread "Exec process Thread 30" [_thread_blocked, id=27348, stack(0x00000011a4300000,0x00000011a4400000)]
  0x000001b64df004a0 JavaThread "Exec process Thread 31" [_thread_blocked, id=25092, stack(0x00000011a4400000,0x00000011a4500000)]
  0x000001b64deffa80 JavaThread "Exec process Thread 32" [_thread_blocked, id=3996, stack(0x00000011a4500000,0x00000011a4600000)]
  0x000001b64ed10e30 JavaThread "Exec process Thread 33" [_thread_blocked, id=29844, stack(0x00000011a4600000,0x00000011a4700000)]
  0x000001b68230bf70 JavaThread "Exec process Thread 34" [_thread_blocked, id=29604, stack(0x00000011a4700000,0x00000011a4800000)]
  0x000001b68230ba60 JavaThread "Exec process Thread 35" [_thread_blocked, id=25980, stack(0x00000011a4800000,0x00000011a4900000)]
  0x000001b68230c480 JavaThread "Exec process Thread 36" [_thread_blocked, id=5140, stack(0x00000011a4900000,0x00000011a4a00000)]
  0x000001b68230ed00 JavaThread "Exec process Thread 37" [_thread_blocked, id=31432, stack(0x00000011a4a00000,0x00000011a4b00000)]
  0x000001b68230d3b0 JavaThread "Exec process Thread 38" [_thread_blocked, id=31444, stack(0x00000011a4b00000,0x00000011a4c00000)]
  0x000001b68230d8c0 JavaThread "Exec process Thread 39" [_thread_blocked, id=30844, stack(0x00000011a4c00000,0x00000011a4d00000)]
  0x000001b68230cea0 JavaThread "Exec process Thread 40" [_thread_blocked, id=30760, stack(0x00000011a4d00000,0x00000011a4e00000)]
  0x000001b68230b550 JavaThread "Exec process Thread 41" [_thread_blocked, id=31568, stack(0x00000011a4e00000,0x00000011a4f00000)]
  0x000001b682311580 JavaThread "Exec process Thread 42" [_thread_blocked, id=31308, stack(0x00000011a4f00000,0x00000011a5000000)]
  0x000001b68230e2e0 JavaThread "Exec process Thread 43" [_thread_blocked, id=27232, stack(0x00000011a5000000,0x00000011a5100000)]
  0x000001b682310140 JavaThread "Exec process Thread 44" [_thread_blocked, id=31476, stack(0x00000011a5100000,0x00000011a5200000)]
  0x000001b682316170 JavaThread "WorkerExecutor Queue Thread 32" [_thread_blocked, id=30980, stack(0x00000011a3200000,0x00000011a3300000)]
  0x000001b6593f9850 JavaThread "C2 CompilerThread1" daemon [_thread_blocked, id=30892, stack(0x0000001190000000,0x0000001190100000)]
  0x000001b6593fc820 JavaThread "C2 CompilerThread2" daemon [_thread_blocked, id=31364, stack(0x000000119ea00000,0x000000119eb00000)]
  0x000001b6593fad90 JavaThread "C2 CompilerThread3" daemon [_thread_blocked, id=31048, stack(0x000000119f500000,0x000000119f600000)]
  0x000001b6593fb2e0 JavaThread "C2 CompilerThread4" daemon [_thread_blocked, id=31096, stack(0x000000119f600000,0x000000119f700000)]
=>0x000001b6593f9da0 JavaThread "C2 CompilerThread5" daemon [_thread_in_native, id=31736, stack(0x00000011a2300000,0x00000011a2400000)]
  0x000001b6593f9300 JavaThread "C2 CompilerThread6" daemon [_thread_in_native, id=30748, stack(0x00000011a2400000,0x00000011a2500000)]
  0x000001b6593fa2f0 JavaThread "C2 CompilerThread7" daemon [_thread_blocked, id=30968, stack(0x00000011a3000000,0x00000011a3100000)]
  0x000001b6593fbd80 JavaThread "C1 CompilerThread2" daemon [_thread_blocked, id=30840, stack(0x00000011a3100000,0x00000011a3200000)]
  0x000001b6593fcd70 JavaThread "C1 CompilerThread3" daemon [_thread_blocked, id=31652, stack(0x00000011a3300000,0x00000011a3400000)]
  0x000001b680f559f0 JavaThread "WorkerExecutor Queue Thread 33" [_thread_blocked, id=30768, stack(0x00000011a5200000,0x00000011a5300000)]
  0x000001b680f56920 JavaThread "ForkJoinPool-2-worker-1" daemon [_thread_blocked, id=31004, stack(0x00000011a5300000,0x00000011a5400000)]
  0x000001b680f56e30 JavaThread "ForkJoinPool-2-worker-2" daemon [_thread_blocked, id=31608, stack(0x00000011a5400000,0x00000011a5500000)]
  0x000001b680f57850 JavaThread "ForkJoinPool-2-worker-3" daemon [_thread_blocked, id=31336, stack(0x00000011a5500000,0x00000011a5600000)]
  0x000001b680f57d60 JavaThread "ForkJoinPool-2-worker-4" daemon [_thread_blocked, id=31296, stack(0x00000011a5600000,0x00000011a5700000)]
  0x000001b680f58c90 JavaThread "ForkJoinPool-2-worker-5" daemon [_thread_blocked, id=26120, stack(0x00000011a5700000,0x00000011a5800000)]
  0x000001b680f554e0 JavaThread "ForkJoinPool-2-worker-6" daemon [_thread_blocked, id=31504, stack(0x00000011a5800000,0x00000011a5900000)]
  0x000001b680f596b0 JavaThread "ForkJoinPool-2-worker-7" daemon [_thread_blocked, id=31448, stack(0x00000011a5900000,0x00000011a5a00000)]
  0x000001b680f56410 JavaThread "ForkJoinPool-2-worker-8" daemon [_thread_blocked, id=30812, stack(0x00000011a5a00000,0x00000011a5b00000)]
  0x000001b680f59bc0 JavaThread "Keep-Alive-Timer" daemon [_thread_blocked, id=18424, stack(0x00000011a6700000,0x00000011a6800000)]
  0x000001b680f5b510 JavaThread "WorkerExecutor Queue Thread 34" [_thread_blocked, id=31340, stack(0x00000011a6800000,0x00000011a6900000)]

Other Threads:
  0x000001b67fc48c60 VMThread "VM Thread" [stack: 0x0000001186700000,0x0000001186800000] [id=26092]
  0x000001b602589760 WatcherThread [stack: 0x0000001187600000,0x0000001187700000] [id=25260]
  0x000001b65dd1c600 GCTaskThread "GC Thread#0" [stack: 0x0000001186200000,0x0000001186300000] [id=12144]
  0x000001b6489bfc90 GCTaskThread "GC Thread#1" [stack: 0x0000001187900000,0x0000001187a00000] [id=21356]
  0x000001b602a00ad0 GCTaskThread "GC Thread#2" [stack: 0x0000001187a00000,0x0000001187b00000] [id=5204]
  0x000001b648ef3f00 GCTaskThread "GC Thread#3" [stack: 0x0000001187b00000,0x0000001187c00000] [id=27276]
  0x000001b60292d710 GCTaskThread "GC Thread#4" [stack: 0x0000001187c00000,0x0000001187d00000] [id=8696]
  0x000001b64860e940 GCTaskThread "GC Thread#5" [stack: 0x0000001187d00000,0x0000001187e00000] [id=30568]
  0x000001b6483d3560 GCTaskThread "GC Thread#6" [stack: 0x0000001187e00000,0x0000001187f00000] [id=29556]
  0x000001b649080440 GCTaskThread "GC Thread#7" [stack: 0x0000001187f00000,0x0000001188000000] [id=7788]
  0x000001b648f061e0 GCTaskThread "GC Thread#8" [stack: 0x0000001188000000,0x0000001188100000] [id=10952]
  0x000001b648e11ae0 GCTaskThread "GC Thread#9" [stack: 0x0000001188100000,0x0000001188200000] [id=27140]
  0x000001b64912ce20 GCTaskThread "GC Thread#10" [stack: 0x0000001188200000,0x0000001188300000] [id=17300]
  0x000001b6490108d0 GCTaskThread "GC Thread#11" [stack: 0x0000001188300000,0x0000001188400000] [id=7912]
  0x000001b649803950 GCTaskThread "GC Thread#12" [stack: 0x0000001189200000,0x0000001189300000] [id=6932]
  0x000001b649803110 GCTaskThread "GC Thread#13" [stack: 0x0000001189300000,0x0000001189400000] [id=7720]
  0x000001b649803ed0 GCTaskThread "GC Thread#14" [stack: 0x0000001189400000,0x0000001189500000] [id=28440]
  0x000001b649804190 GCTaskThread "GC Thread#15" [stack: 0x0000001189500000,0x0000001189600000] [id=24156]
  0x000001b649804450 GCTaskThread "GC Thread#16" [stack: 0x0000001189600000,0x0000001189700000] [id=23408]
  0x000001b649804710 GCTaskThread "GC Thread#17" [stack: 0x0000001189700000,0x0000001189800000] [id=24472]
  0x000001b65dcc7190 ConcurrentGCThread "G1 Main Marker" [stack: 0x0000001186300000,0x0000001186400000] [id=7076]
  0x000001b65dd2dab0 ConcurrentGCThread "G1 Conc#0" [stack: 0x0000001186400000,0x0000001186500000] [id=26848]
  0x000001b649803c10 ConcurrentGCThread "G1 Conc#1" [stack: 0x0000001189a00000,0x0000001189b00000] [id=4144]
  0x000001b649802b90 ConcurrentGCThread "G1 Conc#2" [stack: 0x0000001189b00000,0x0000001189c00000] [id=4000]
  0x000001b6498033d0 ConcurrentGCThread "G1 Conc#3" [stack: 0x0000001189c00000,0x0000001189d00000] [id=14600]
  0x000001b649803690 ConcurrentGCThread "G1 Conc#4" [stack: 0x0000001189d00000,0x0000001189e00000] [id=30304]
  0x000001b65dd6eb50 ConcurrentGCThread "G1 Refine#0" [stack: 0x0000001186500000,0x0000001186600000] [id=27472]
  0x000001b650ad8680 ConcurrentGCThread "G1 Refine#1" [stack: 0x0000001198700000,0x0000001198800000] [id=30496]
  0x000001b684559ea0 ConcurrentGCThread "G1 Refine#2" [stack: 0x000000119d700000,0x000000119d800000] [id=6032]
  0x000001b64909a6f0 ConcurrentGCThread "G1 Refine#3" [stack: 0x00000011a2700000,0x00000011a2800000] [id=7208]
  0x000001b658ea24f0 ConcurrentGCThread "G1 Refine#4" [stack: 0x00000011a2e00000,0x00000011a2f00000] [id=4508]
  0x000001b658ea27e0 ConcurrentGCThread "G1 Refine#5" [stack: 0x00000011a2f00000,0x00000011a3000000] [id=5584]
  0x000001b657dd26a0 ConcurrentGCThread "G1 Refine#6" [stack: 0x000000119db00000,0x000000119dc00000] [id=28476]
  0x000001b657dd2990 ConcurrentGCThread "G1 Refine#7" [stack: 0x000000119ee00000,0x000000119ef00000] [id=31040]
  0x000001b657dd3840 ConcurrentGCThread "G1 Refine#8" [stack: 0x00000011a5b00000,0x00000011a5c00000] [id=19044]
  0x000001b657dd17f0 ConcurrentGCThread "G1 Refine#9" [stack: 0x00000011a5c00000,0x00000011a5d00000] [id=31212]
  0x000001b657dd1ae0 ConcurrentGCThread "G1 Refine#10" [stack: 0x00000011a5d00000,0x00000011a5e00000] [id=30884]
  0x000001b658ea59d0 ConcurrentGCThread "G1 Refine#11" [stack: 0x00000011a6000000,0x00000011a6100000] [id=31456]
  0x000001b6856cf900 ConcurrentGCThread "G1 Refine#12" [stack: 0x00000011a6100000,0x00000011a6200000] [id=31140]
  0x000001b6856cfbf0 ConcurrentGCThread "G1 Refine#13" [stack: 0x00000011a6200000,0x00000011a6300000] [id=15720]
  0x000001b6856d0aa0 ConcurrentGCThread "G1 Refine#14" [stack: 0x00000011a6300000,0x00000011a6400000] [id=31344]
  0x000001b6856cfee0 ConcurrentGCThread "G1 Refine#15" [stack: 0x00000011a6400000,0x00000011a6500000] [id=31000]
  0x000001b6856cf320 ConcurrentGCThread "G1 Refine#16" [stack: 0x00000011a6500000,0x00000011a6600000] [id=31524]
  0x000001b6856d1950 ConcurrentGCThread "G1 Refine#17" [stack: 0x00000011a6600000,0x00000011a6700000] [id=30912]
  0x000001b67fbe0d80 ConcurrentGCThread "G1 Service" [stack: 0x0000001186600000,0x0000001186700000] [id=19224]

Threads with active compile tasks:
C2 CompilerThread0   221528 58191       4       com.android.tools.r8.graph.T5::b (41 bytes)
C1 CompilerThread0   221528 59198       2       com.android.tools.r8.graph.U4$c::<init> (152 bytes)
C1 CompilerThread1   221529 59197       2       com.android.tools.r8.graph.P4::a (94 bytes)
C2 CompilerThread1   221529 58437   !   4       org.gradle.internal.execution.impl.DefaultInputFingerprinter$InputCollectingVisitor::visitInputFileProperty (135 bytes)
C2 CompilerThread2   221529 58565       4       groovyjarjarantlr4.v4.runtime.atn.PredictionContext::getCachedContext (297 bytes)
C2 CompilerThread3   221529 58532 %     4       org.jetbrains.org.objectweb.asm.ClassReader::readModuleAttributes @ 93 (551 bytes)
C2 CompilerThread4   221529 58857       4       groovyjarjarantlr4.v4.runtime.atn.PredictionContext::join (569 bytes)
C2 CompilerThread5   221529 58192       4       com.android.tools.r8.graph.T5$$Lambda$5074/0x000001b605ad9e38::accept (36 bytes)
C2 CompilerThread6   221529 58197       4       com.android.tools.r8.graph.T5::a (105 bytes)
C2 CompilerThread7   221529 59091       4       org.jetbrains.kotlin.metadata.ProtoBuf$Type::getSerializedSize (393 bytes)
C1 CompilerThread2   221529 59117  s    3       com.android.tools.r8.shaking.r4::a (1754 bytes)
C1 CompilerThread3   221529 59196       2       com.android.tools.r8.graph.P4::<init> (25 bytes)

VM state: at safepoint (normal execution)

VM Mutex/Monitor currently owned by a thread:  ([mutex/lock_event])
[0x000001b65b95e1f0] Threads_lock - owner thread: 0x000001b67fc48c60
[0x000001b65dca6a80] Heap_lock - owner thread: 0x000001b65dcc7190

Heap address: 0x0000000700000000, size: 4096 MB, Compressed Oops mode: Zero based, Oop shift amount: 3

CDS archive(s) mapped at: [0x000001b603000000-0x000001b603bd0000-0x000001b603bd0000), size 12386304, SharedBaseAddress: 0x000001b603000000, ArchiveRelocationMode: 1.
Compressed class space mapped at: 0x000001b604000000-0x000001b644000000, reserved size: 1073741824
Narrow klass base: 0x000001b603000000, Narrow klass shift: 0, Narrow klass range: 0x100000000

GC Precious Log:
 CPUs: 24 total, 24 available
 Memory: 32505M
 Large Page Support: Disabled
 NUMA Support: Disabled
 Compressed Oops: Enabled (Zero based)
 Heap Region Size: 2M
 Heap Min Capacity: 8M
 Heap Initial Capacity: 508M
 Heap Max Capacity: 4G
 Pre-touch: Disabled
 Parallel Workers: 18
 Concurrent Workers: 5
 Concurrent Refinement Workers: 18
 Periodic GC: Disabled

Heap:
 garbage-first heap   total 2048000K, used 1250761K [0x0000000700000000, 0x0000000800000000)
  region size 2048K, 191 young (391168K), 21 survivors (43008K)
 Metaspace       used 262520K, committed 265600K, reserved 1310720K
  class space    used 33253K, committed 34688K, reserved 1048576K

Heap Regions: E=young(eden), S=young(survivor), O=old, HS=humongous(starts), HC=humongous(continues), CS=collection set, F=free, OA=open archive, CA=closed archive, TAMS=top-at-mark-start (previous, next)
|   0|0x0000000700000000, 0x0000000700200000, 0x0000000700200000|100%|HS|  |TAMS 0x0000000700200000, 0x0000000700000000| Complete 
|   1|0x0000000700200000, 0x0000000700400000, 0x0000000700400000|100%|HC|  |TAMS 0x0000000700400000, 0x0000000700200000| Complete 
|   2|0x0000000700400000, 0x0000000700600000, 0x0000000700600000|100%| O|  |TAMS 0x0000000700600000, 0x0000000700400000| Untracked 
|   3|0x0000000700600000, 0x0000000700800000, 0x0000000700800000|100%| O|  |TAMS 0x0000000700800000, 0x0000000700600000| Untracked 
|   4|0x0000000700800000, 0x0000000700a00000, 0x0000000700a00000|100%| O|  |TAMS 0x0000000700a00000, 0x0000000700800000| Untracked 
|   5|0x0000000700a00000, 0x0000000700c00000, 0x0000000700c00000|100%| O|  |TAMS 0x0000000700c00000, 0x0000000700a00000| Updating 
|   6|0x0000000700c00000, 0x0000000700e00000, 0x0000000700e00000|100%| O|  |TAMS 0x0000000700e00000, 0x0000000700c00000| Untracked 
|   7|0x0000000700e00000, 0x0000000701000000, 0x0000000701000000|100%| O|  |TAMS 0x0000000701000000, 0x0000000700e00000| Untracked 
|   8|0x0000000701000000, 0x0000000701200000, 0x0000000701200000|100%| O|  |TAMS 0x0000000701200000, 0x0000000701000000| Untracked 
|   9|0x0000000701200000, 0x0000000701400000, 0x0000000701400000|100%| O|  |TAMS 0x0000000701400000, 0x0000000701200000| Untracked 
|  10|0x0000000701400000, 0x0000000701600000, 0x0000000701600000|100%| O|  |TAMS 0x0000000701600000, 0x0000000701400000| Untracked 
|  11|0x0000000701600000, 0x0000000701800000, 0x0000000701800000|100%| O|  |TAMS 0x0000000701800000, 0x0000000701600000| Untracked 
|  12|0x0000000701800000, 0x0000000701a00000, 0x0000000701a00000|100%| O|  |TAMS 0x0000000701a00000, 0x0000000701800000| Untracked 
|  13|0x0000000701a00000, 0x0000000701c00000, 0x0000000701c00000|100%| O|  |TAMS 0x0000000701c00000, 0x0000000701a00000| Updating 
|  14|0x0000000701c00000, 0x0000000701e00000, 0x0000000701e00000|100%| O|  |TAMS 0x0000000701e00000, 0x0000000701c00000| Untracked 
|  15|0x0000000701e00000, 0x0000000702000000, 0x0000000702000000|100%| O|  |TAMS 0x0000000702000000, 0x0000000701e00000| Untracked 
|  16|0x0000000702000000, 0x0000000702200000, 0x0000000702200000|100%| O|  |TAMS 0x0000000702200000, 0x0000000702000000| Updating 
|  17|0x0000000702200000, 0x0000000702400000, 0x0000000702400000|100%| O|  |TAMS 0x0000000702400000, 0x0000000702200000| Untracked 
|  18|0x0000000702400000, 0x0000000702600000, 0x0000000702600000|100%|HS|  |TAMS 0x0000000702600000, 0x0000000702400000| Complete 
|  19|0x0000000702600000, 0x0000000702800000, 0x0000000702800000|100%|HS|  |TAMS 0x0000000702800000, 0x0000000702600000| Complete 
|  20|0x0000000702800000, 0x0000000702a00000, 0x0000000702a00000|100%|HS|  |TAMS 0x0000000702a00000, 0x0000000702800000| Complete 
|  21|0x0000000702a00000, 0x0000000702c00000, 0x0000000702c00000|100%|HC|  |TAMS 0x0000000702c00000, 0x0000000702a00000| Complete 
|  22|0x0000000702c00000, 0x0000000702e00000, 0x0000000702e00000|100%|HS|  |TAMS 0x0000000702e00000, 0x0000000702c00000| Complete 
|  23|0x0000000702e00000, 0x0000000703000000, 0x0000000703000000|100%|HC|  |TAMS 0x0000000703000000, 0x0000000702e00000| Complete 
|  24|0x0000000703000000, 0x0000000703200000, 0x0000000703200000|100%| O|  |TAMS 0x0000000703200000, 0x0000000703000000| Untracked 
|  25|0x0000000703200000, 0x0000000703400000, 0x0000000703400000|100%| O|  |TAMS 0x0000000703400000, 0x0000000703200000| Updating 
|  26|0x0000000703400000, 0x0000000703600000, 0x0000000703600000|100%| O|  |TAMS 0x0000000703600000, 0x0000000703400000| Updating 
|  27|0x0000000703600000, 0x0000000703800000, 0x0000000703800000|100%| O|  |TAMS 0x0000000703800000, 0x0000000703600000| Updating 
|  28|0x0000000703800000, 0x0000000703a00000, 0x0000000703a00000|100%| O|  |TAMS 0x0000000703a00000, 0x0000000703800000| Untracked 
|  29|0x0000000703a00000, 0x0000000703c00000, 0x0000000703c00000|100%| O|  |TAMS 0x0000000703c00000, 0x0000000703a00000| Untracked 
|  30|0x0000000703c00000, 0x0000000703e00000, 0x0000000703e00000|100%| O|  |TAMS 0x0000000703e00000, 0x0000000703c00000| Updating 
|  31|0x0000000703e00000, 0x0000000704000000, 0x0000000704000000|100%| O|  |TAMS 0x0000000704000000, 0x0000000703e00000| Untracked 
|  32|0x0000000704000000, 0x0000000704200000, 0x0000000704200000|100%| O|  |TAMS 0x0000000704200000, 0x0000000704000000| Untracked 
|  33|0x0000000704200000, 0x0000000704400000, 0x0000000704400000|100%| O|  |TAMS 0x0000000704400000, 0x0000000704200000| Updating 
|  34|0x0000000704400000, 0x0000000704600000, 0x0000000704600000|100%| O|  |TAMS 0x0000000704600000, 0x0000000704400000| Updating 
|  35|0x0000000704600000, 0x0000000704800000, 0x0000000704800000|100%| O|  |TAMS 0x0000000704800000, 0x0000000704600000| Updating 
|  36|0x0000000704800000, 0x0000000704a00000, 0x0000000704a00000|100%| O|  |TAMS 0x0000000704a00000, 0x0000000704800000| Untracked 
|  37|0x0000000704a00000, 0x0000000704c00000, 0x0000000704c00000|100%| O|  |TAMS 0x0000000704c00000, 0x0000000704a00000| Updating 
|  38|0x0000000704c00000, 0x0000000704e00000, 0x0000000704e00000|100%|HS|  |TAMS 0x0000000704e00000, 0x0000000704c00000| Complete 
|  39|0x0000000704e00000, 0x0000000705000000, 0x0000000705000000|100%|HS|  |TAMS 0x0000000705000000, 0x0000000704e00000| Complete 
|  40|0x0000000705000000, 0x0000000705200000, 0x0000000705200000|100%|HC|  |TAMS 0x0000000705200000, 0x0000000705000000| Complete 
|  41|0x0000000705200000, 0x0000000705400000, 0x0000000705400000|100%| O|  |TAMS 0x0000000705400000, 0x0000000705200000| Updating 
|  42|0x0000000705400000, 0x0000000705600000, 0x0000000705600000|100%|HS|  |TAMS 0x0000000705600000, 0x0000000705400000| Complete 
|  43|0x0000000705600000, 0x0000000705800000, 0x0000000705800000|100%| O|  |TAMS 0x0000000705800000, 0x0000000705600000| Untracked 
|  44|0x0000000705800000, 0x0000000705a00000, 0x0000000705a00000|100%| O|  |TAMS 0x0000000705a00000, 0x0000000705800000| Updating 
|  45|0x0000000705a00000, 0x0000000705c00000, 0x0000000705c00000|100%| O|  |TAMS 0x0000000705c00000, 0x0000000705a00000| Untracked 
|  46|0x0000000705c00000, 0x0000000705e00000, 0x0000000705e00000|100%| O|  |TAMS 0x0000000705e00000, 0x0000000705c00000| Untracked 
|  47|0x0000000705e00000, 0x0000000706000000, 0x0000000706000000|100%| O|  |TAMS 0x0000000706000000, 0x0000000705e00000| Untracked 
|  48|0x0000000706000000, 0x0000000706200000, 0x0000000706200000|100%| O|  |TAMS 0x0000000706200000, 0x0000000706000000| Untracked 
|  49|0x0000000706200000, 0x0000000706400000, 0x0000000706400000|100%| O|  |TAMS 0x0000000706400000, 0x0000000706200000| Untracked 
|  50|0x0000000706400000, 0x0000000706600000, 0x0000000706600000|100%| O|  |TAMS 0x0000000706600000, 0x0000000706400000| Updating 
|  51|0x0000000706600000, 0x0000000706800000, 0x0000000706800000|100%| O|  |TAMS 0x0000000706800000, 0x0000000706600000| Updating 
|  52|0x0000000706800000, 0x0000000706a00000, 0x0000000706a00000|100%|HS|  |TAMS 0x0000000706a00000, 0x0000000706800000| Complete 
|  53|0x0000000706a00000, 0x0000000706c00000, 0x0000000706c00000|100%|HS|  |TAMS 0x0000000706c00000, 0x0000000706a00000| Complete 
|  54|0x0000000706c00000, 0x0000000706e00000, 0x0000000706e00000|100%|HC|  |TAMS 0x0000000706e00000, 0x0000000706c00000| Complete 
|  55|0x0000000706e00000, 0x0000000707000000, 0x0000000707000000|100%| O|  |TAMS 0x0000000707000000, 0x0000000706e00000| Untracked 
|  56|0x0000000707000000, 0x0000000707200000, 0x0000000707200000|100%| O|  |TAMS 0x0000000707200000, 0x0000000707000000| Untracked 
|  57|0x0000000707200000, 0x0000000707400000, 0x0000000707400000|100%| O|  |TAMS 0x0000000707400000, 0x0000000707200000| Untracked 
|  58|0x0000000707400000, 0x0000000707600000, 0x0000000707600000|100%| O|  |TAMS 0x0000000707600000, 0x0000000707400000| Untracked 
|  59|0x0000000707600000, 0x0000000707800000, 0x0000000707800000|100%| O|  |TAMS 0x0000000707800000, 0x0000000707600000| Untracked 
|  60|0x0000000707800000, 0x0000000707a00000, 0x0000000707a00000|100%| O|  |TAMS 0x0000000707a00000, 0x0000000707800000| Untracked 
|  61|0x0000000707a00000, 0x0000000707c00000, 0x0000000707c00000|100%| O|  |TAMS 0x0000000707c00000, 0x0000000707a00000| Untracked 
|  62|0x0000000707c00000, 0x0000000707e00000, 0x0000000707e00000|100%| O|  |TAMS 0x0000000707e00000, 0x0000000707c00000| Untracked 
|  63|0x0000000707e00000, 0x0000000708000000, 0x0000000708000000|100%| O|  |TAMS 0x0000000708000000, 0x0000000707e00000| Untracked 
|  64|0x0000000708000000, 0x0000000708200000, 0x0000000708200000|100%| O|  |TAMS 0x0000000708200000, 0x0000000708000000| Untracked 
|  65|0x0000000708200000, 0x0000000708400000, 0x0000000708400000|100%| O|  |TAMS 0x0000000708400000, 0x0000000708200000| Untracked 
|  66|0x0000000708400000, 0x0000000708600000, 0x0000000708600000|100%| O|  |TAMS 0x0000000708600000, 0x0000000708400000| Untracked 
|  67|0x0000000708600000, 0x0000000708800000, 0x0000000708800000|100%| O|  |TAMS 0x0000000708800000, 0x0000000708600000| Untracked 
|  68|0x0000000708800000, 0x0000000708a00000, 0x0000000708a00000|100%| O|  |TAMS 0x0000000708a00000, 0x0000000708800000| Untracked 
|  69|0x0000000708a00000, 0x0000000708c00000, 0x0000000708c00000|100%| O|  |TAMS 0x0000000708c00000, 0x0000000708a00000| Untracked 
|  70|0x0000000708c00000, 0x0000000708e00000, 0x0000000708e00000|100%| O|  |TAMS 0x0000000708e00000, 0x0000000708c00000| Untracked 
|  71|0x0000000708e00000, 0x0000000709000000, 0x0000000709000000|100%| O|  |TAMS 0x0000000709000000, 0x0000000708e00000| Updating 
|  72|0x0000000709000000, 0x0000000709200000, 0x0000000709200000|100%|HS|  |TAMS 0x0000000709200000, 0x0000000709000000| Complete 
|  73|0x0000000709200000, 0x0000000709400000, 0x0000000709400000|100%|HS|  |TAMS 0x0000000709400000, 0x0000000709200000| Complete 
|  74|0x0000000709400000, 0x0000000709600000, 0x0000000709600000|100%|HS|  |TAMS 0x0000000709600000, 0x0000000709400000| Complete 
|  75|0x0000000709600000, 0x0000000709800000, 0x0000000709800000|100%| O|  |TAMS 0x0000000709800000, 0x0000000709600000| Updating 
|  76|0x0000000709800000, 0x0000000709a00000, 0x0000000709a00000|100%| O|  |TAMS 0x0000000709a00000, 0x0000000709800000| Updating 
|  77|0x0000000709a00000, 0x0000000709c00000, 0x0000000709c00000|100%| O|  |TAMS 0x0000000709c00000, 0x0000000709a00000| Updating 
|  78|0x0000000709c00000, 0x0000000709e00000, 0x0000000709e00000|100%| O|  |TAMS 0x0000000709e00000, 0x0000000709c00000| Updating 
|  79|0x0000000709e00000, 0x000000070a000000, 0x000000070a000000|100%| O|  |TAMS 0x000000070a000000, 0x0000000709e00000| Updating 
|  80|0x000000070a000000, 0x000000070a200000, 0x000000070a200000|100%| O|  |TAMS 0x000000070a200000, 0x000000070a000000| Untracked 
|  81|0x000000070a200000, 0x000000070a400000, 0x000000070a400000|100%| O|  |TAMS 0x000000070a400000, 0x000000070a200000| Untracked 
|  82|0x000000070a400000, 0x000000070a600000, 0x000000070a600000|100%| O|  |TAMS 0x000000070a600000, 0x000000070a400000| Updating 
|  83|0x000000070a600000, 0x000000070a800000, 0x000000070a800000|100%| O|  |TAMS 0x000000070a800000, 0x000000070a600000| Updating 
|  84|0x000000070a800000, 0x000000070aa00000, 0x000000070aa00000|100%| O|  |TAMS 0x000000070aa00000, 0x000000070a800000| Updating 
|  85|0x000000070aa00000, 0x000000070ac00000, 0x000000070ac00000|100%| O|  |TAMS 0x000000070ac00000, 0x000000070aa00000| Untracked 
|  86|0x000000070ac00000, 0x000000070ae00000, 0x000000070ae00000|100%| O|  |TAMS 0x000000070ae00000, 0x000000070ac00000| Untracked 
|  87|0x000000070ae00000, 0x000000070b000000, 0x000000070b000000|100%| O|  |TAMS 0x000000070b000000, 0x000000070ae00000| Updating 
|  88|0x000000070b000000, 0x000000070b200000, 0x000000070b200000|100%| O|  |TAMS 0x000000070b200000, 0x000000070b000000| Updating 
|  89|0x000000070b200000, 0x000000070b400000, 0x000000070b400000|100%| O|  |TAMS 0x000000070b400000, 0x000000070b200000| Updating 
|  90|0x000000070b400000, 0x000000070b600000, 0x000000070b600000|100%| O|  |TAMS 0x000000070b600000, 0x000000070b400000| Updating 
|  91|0x000000070b600000, 0x000000070b800000, 0x000000070b800000|100%| O|  |TAMS 0x000000070b800000, 0x000000070b600000| Untracked 
|  92|0x000000070b800000, 0x000000070ba00000, 0x000000070ba00000|100%| O|  |TAMS 0x000000070ba00000, 0x000000070b800000| Untracked 
|  93|0x000000070ba00000, 0x000000070bc00000, 0x000000070bc00000|100%| O|  |TAMS 0x000000070bc00000, 0x000000070ba00000| Untracked 
|  94|0x000000070bc00000, 0x000000070be00000, 0x000000070be00000|100%| O|  |TAMS 0x000000070be00000, 0x000000070bc00000| Untracked 
|  95|0x000000070be00000, 0x000000070c000000, 0x000000070c000000|100%| O|  |TAMS 0x000000070c000000, 0x000000070be00000| Untracked 
|  96|0x000000070c000000, 0x000000070c200000, 0x000000070c200000|100%| O|  |TAMS 0x000000070c200000, 0x000000070c000000| Updating 
|  97|0x000000070c200000, 0x000000070c400000, 0x000000070c400000|100%| O|  |TAMS 0x000000070c400000, 0x000000070c200000| Updating 
|  98|0x000000070c400000, 0x000000070c600000, 0x000000070c600000|100%| O|  |TAMS 0x000000070c600000, 0x000000070c400000| Updating 
|  99|0x000000070c600000, 0x000000070c800000, 0x000000070c800000|100%| O|  |TAMS 0x000000070c800000, 0x000000070c600000| Updating 
| 100|0x000000070c800000, 0x000000070ca00000, 0x000000070ca00000|100%| O|  |TAMS 0x000000070ca00000, 0x000000070c800000| Updating 
| 101|0x000000070ca00000, 0x000000070cc00000, 0x000000070cc00000|100%| O|  |TAMS 0x000000070cc00000, 0x000000070ca00000| Untracked 
| 102|0x000000070cc00000, 0x000000070ce00000, 0x000000070ce00000|100%|HS|  |TAMS 0x000000070ce00000, 0x000000070cc00000| Complete 
| 103|0x000000070ce00000, 0x000000070d000000, 0x000000070d000000|100%| O|  |TAMS 0x000000070d000000, 0x000000070ce00000| Untracked 
| 104|0x000000070d000000, 0x000000070d200000, 0x000000070d200000|100%| O|  |TAMS 0x000000070d200000, 0x000000070d000000| Updating 
| 105|0x000000070d200000, 0x000000070d400000, 0x000000070d400000|100%| O|  |TAMS 0x000000070d400000, 0x000000070d200000| Updating 
| 106|0x000000070d400000, 0x000000070d600000, 0x000000070d600000|100%| O|  |TAMS 0x000000070d600000, 0x000000070d400000| Updating 
| 107|0x000000070d600000, 0x000000070d800000, 0x000000070d800000|100%| O|  |TAMS 0x000000070d800000, 0x000000070d600000| Untracked 
| 108|0x000000070d800000, 0x000000070da00000, 0x000000070da00000|100%| O|  |TAMS 0x000000070da00000, 0x000000070d800000| Updating 
| 109|0x000000070da00000, 0x000000070dc00000, 0x000000070dc00000|100%| O|  |TAMS 0x000000070dc00000, 0x000000070da00000| Updating 
| 110|0x000000070dc00000, 0x000000070de00000, 0x000000070de00000|100%| O|  |TAMS 0x000000070de00000, 0x000000070dc00000| Untracked 
| 111|0x000000070de00000, 0x000000070e000000, 0x000000070e000000|100%| O|  |TAMS 0x000000070e000000, 0x000000070de00000| Updating 
| 112|0x000000070e000000, 0x000000070e200000, 0x000000070e200000|100%| O|  |TAMS 0x000000070e200000, 0x000000070e000000| Updating 
| 113|0x000000070e200000, 0x000000070e400000, 0x000000070e400000|100%| O|  |TAMS 0x000000070e400000, 0x000000070e200000| Updating 
| 114|0x000000070e400000, 0x000000070e600000, 0x000000070e600000|100%| O|  |TAMS 0x000000070e600000, 0x000000070e400000| Untracked 
| 115|0x000000070e600000, 0x000000070e800000, 0x000000070e800000|100%|HS|  |TAMS 0x000000070e800000, 0x000000070e600000| Complete 
| 116|0x000000070e800000, 0x000000070ea00000, 0x000000070ea00000|100%| O|  |TAMS 0x000000070ea00000, 0x000000070e800000| Untracked 
| 117|0x000000070ea00000, 0x000000070ec00000, 0x000000070ec00000|100%| O|  |TAMS 0x000000070ec00000, 0x000000070ea00000| Untracked 
| 118|0x000000070ec00000, 0x000000070ee00000, 0x000000070ee00000|100%| O|  |TAMS 0x000000070ee00000, 0x000000070ec00000| Updating 
| 119|0x000000070ee00000, 0x000000070f000000, 0x000000070f000000|100%| O|  |TAMS 0x000000070f000000, 0x000000070ee00000| Updating 
| 120|0x000000070f000000, 0x000000070f200000, 0x000000070f200000|100%| O|  |TAMS 0x000000070f200000, 0x000000070f000000| Updating 
| 121|0x000000070f200000, 0x000000070f400000, 0x000000070f400000|100%| O|  |TAMS 0x000000070f400000, 0x000000070f200000| Updating 
| 122|0x000000070f400000, 0x000000070f600000, 0x000000070f600000|100%| O|  |TAMS 0x000000070f600000, 0x000000070f400000| Updating 
| 123|0x000000070f600000, 0x000000070f800000, 0x000000070f800000|100%| O|  |TAMS 0x000000070f800000, 0x000000070f600000| Updating 
| 124|0x000000070f800000, 0x000000070fa00000, 0x000000070fa00000|100%| O|  |TAMS 0x000000070fa00000, 0x000000070f800000| Untracked 
| 125|0x000000070fa00000, 0x000000070fc00000, 0x000000070fc00000|100%| O|  |TAMS 0x000000070fc00000, 0x000000070fa00000| Untracked 
| 126|0x000000070fc00000, 0x000000070fe00000, 0x000000070fe00000|100%| O|  |TAMS 0x000000070fe00000, 0x000000070fc00000| Untracked 
| 127|0x000000070fe00000, 0x0000000710000000, 0x0000000710000000|100%| O|  |TAMS 0x0000000710000000, 0x000000070fe00000| Untracked 
| 128|0x0000000710000000, 0x0000000710200000, 0x0000000710200000|100%| O|  |TAMS 0x0000000710200000, 0x0000000710000000| Updating 
| 129|0x0000000710200000, 0x0000000710400000, 0x0000000710400000|100%| O|  |TAMS 0x0000000710400000, 0x0000000710200000| Untracked 
| 130|0x0000000710400000, 0x0000000710600000, 0x0000000710600000|100%| O|  |TAMS 0x0000000710600000, 0x0000000710400000| Updating 
| 131|0x0000000710600000, 0x0000000710800000, 0x0000000710800000|100%| O|  |TAMS 0x0000000710800000, 0x0000000710600000| Updating 
| 132|0x0000000710800000, 0x0000000710a00000, 0x0000000710a00000|100%| O|  |TAMS 0x0000000710a00000, 0x0000000710800000| Updating 
| 133|0x0000000710a00000, 0x0000000710c00000, 0x0000000710c00000|100%|HS|  |TAMS 0x0000000710c00000, 0x0000000710a00000| Complete 
| 134|0x0000000710c00000, 0x0000000710e00000, 0x0000000710e00000|100%| O|  |TAMS 0x0000000710e00000, 0x0000000710c00000| Updating 
| 135|0x0000000710e00000, 0x0000000710e00000, 0x0000000711000000|  0%| F|  |TAMS 0x0000000710e00000, 0x0000000710e00000| Untracked 
| 136|0x0000000711000000, 0x0000000711000000, 0x0000000711200000|  0%| F|  |TAMS 0x0000000711000000, 0x0000000711000000| Untracked 
| 137|0x0000000711200000, 0x0000000711400000, 0x0000000711400000|100%| O|  |TAMS 0x0000000711400000, 0x0000000711200000| Updating 
| 138|0x0000000711400000, 0x0000000711600000, 0x0000000711600000|100%| O|  |TAMS 0x0000000711600000, 0x0000000711400000| Updating 
| 139|0x0000000711600000, 0x0000000711800000, 0x0000000711800000|100%| O|  |TAMS 0x0000000711800000, 0x0000000711600000| Updating 
| 140|0x0000000711800000, 0x0000000711a00000, 0x0000000711a00000|100%| O|  |TAMS 0x0000000711a00000, 0x0000000711800000| Updating 
| 141|0x0000000711a00000, 0x0000000711c00000, 0x0000000711c00000|100%| O|  |TAMS 0x0000000711c00000, 0x0000000711a00000| Updating 
| 142|0x0000000711c00000, 0x0000000711e00000, 0x0000000711e00000|100%| O|  |TAMS 0x0000000711e00000, 0x0000000711c00000| Untracked 
| 143|0x0000000711e00000, 0x0000000712000000, 0x0000000712000000|100%| O|  |TAMS 0x0000000712000000, 0x0000000711e00000| Untracked 
| 144|0x0000000712000000, 0x0000000712200000, 0x0000000712200000|100%| O|  |TAMS 0x0000000712200000, 0x0000000712000000| Updating 
| 145|0x0000000712200000, 0x0000000712400000, 0x0000000712400000|100%| O|  |TAMS 0x0000000712400000, 0x0000000712200000| Updating 
| 146|0x0000000712400000, 0x0000000712600000, 0x0000000712600000|100%| O|  |TAMS 0x0000000712600000, 0x0000000712400000| Untracked 
| 147|0x0000000712600000, 0x0000000712800000, 0x0000000712800000|100%| O|  |TAMS 0x0000000712800000, 0x0000000712600000| Updating 
| 148|0x0000000712800000, 0x0000000712a00000, 0x0000000712a00000|100%| O|  |TAMS 0x0000000712a00000, 0x0000000712800000| Updating 
| 149|0x0000000712a00000, 0x0000000712c00000, 0x0000000712c00000|100%| O|  |TAMS 0x0000000712c00000, 0x0000000712a00000| Updating 
| 150|0x0000000712c00000, 0x0000000712e00000, 0x0000000712e00000|100%| O|  |TAMS 0x0000000712e00000, 0x0000000712c00000| Updating 
| 151|0x0000000712e00000, 0x0000000713000000, 0x0000000713000000|100%| O|  |TAMS 0x0000000713000000, 0x0000000712e00000| Updating 
| 152|0x0000000713000000, 0x0000000713200000, 0x0000000713200000|100%| O|  |TAMS 0x0000000713200000, 0x0000000713000000| Untracked 
| 153|0x0000000713200000, 0x0000000713400000, 0x0000000713400000|100%| O|  |TAMS 0x0000000713400000, 0x0000000713200000| Untracked 
| 154|0x0000000713400000, 0x0000000713600000, 0x0000000713600000|100%| O|  |TAMS 0x0000000713600000, 0x0000000713400000| Updating 
| 155|0x0000000713600000, 0x0000000713800000, 0x0000000713800000|100%| O|  |TAMS 0x0000000713800000, 0x0000000713600000| Untracked 
| 156|0x0000000713800000, 0x0000000713a00000, 0x0000000713a00000|100%| O|  |TAMS 0x0000000713a00000, 0x0000000713800000| Untracked 
| 157|0x0000000713a00000, 0x0000000713c00000, 0x0000000713c00000|100%| O|  |TAMS 0x0000000713c00000, 0x0000000713a00000| Updating 
| 158|0x0000000713c00000, 0x0000000713e00000, 0x0000000713e00000|100%| O|  |TAMS 0x0000000713e00000, 0x0000000713c00000| Untracked 
| 159|0x0000000713e00000, 0x0000000714000000, 0x0000000714000000|100%| O|  |TAMS 0x0000000714000000, 0x0000000713e00000| Untracked 
| 160|0x0000000714000000, 0x0000000714200000, 0x0000000714200000|100%| O|  |TAMS 0x0000000714200000, 0x0000000714000000| Updating 
| 161|0x0000000714200000, 0x0000000714400000, 0x0000000714400000|100%| O|  |TAMS 0x0000000714400000, 0x0000000714200000| Untracked 
| 162|0x0000000714400000, 0x0000000714600000, 0x0000000714600000|100%| O|  |TAMS 0x0000000714600000, 0x0000000714400000| Untracked 
| 163|0x0000000714600000, 0x0000000714800000, 0x0000000714800000|100%|HS|  |TAMS 0x0000000714800000, 0x0000000714600000| Complete 
| 164|0x0000000714800000, 0x0000000714a00000, 0x0000000714a00000|100%|HC|  |TAMS 0x0000000714a00000, 0x0000000714800000| Complete 
| 165|0x0000000714a00000, 0x0000000714c00000, 0x0000000714c00000|100%|HS|  |TAMS 0x0000000714c00000, 0x0000000714a00000| Complete 
| 166|0x0000000714c00000, 0x0000000714e00000, 0x0000000714e00000|100%|HC|  |TAMS 0x0000000714e00000, 0x0000000714c00000| Complete 
| 167|0x0000000714e00000, 0x0000000715000000, 0x0000000715000000|100%| O|  |TAMS 0x0000000715000000, 0x0000000714e00000| Untracked 
| 168|0x0000000715000000, 0x0000000715200000, 0x0000000715200000|100%| O|  |TAMS 0x0000000715200000, 0x0000000715000000| Untracked 
| 169|0x0000000715200000, 0x0000000715400000, 0x0000000715400000|100%| O|  |TAMS 0x0000000715400000, 0x0000000715200000| Untracked 
| 170|0x0000000715400000, 0x0000000715600000, 0x0000000715600000|100%| O|  |TAMS 0x0000000715600000, 0x0000000715400000| Untracked 
| 171|0x0000000715600000, 0x0000000715800000, 0x0000000715800000|100%| O|  |TAMS 0x0000000715800000, 0x0000000715600000| Updating 
| 172|0x0000000715800000, 0x0000000715a00000, 0x0000000715a00000|100%| O|  |TAMS 0x0000000715a00000, 0x0000000715800000| Updating 
| 173|0x0000000715a00000, 0x0000000715c00000, 0x0000000715c00000|100%| O|  |TAMS 0x0000000715c00000, 0x0000000715a00000| Untracked 
| 174|0x0000000715c00000, 0x0000000715e00000, 0x0000000715e00000|100%| O|  |TAMS 0x0000000715e00000, 0x0000000715c00000| Updating 
| 175|0x0000000715e00000, 0x0000000716000000, 0x0000000716000000|100%| O|  |TAMS 0x0000000716000000, 0x0000000715e00000| Updating 
| 176|0x0000000716000000, 0x0000000716200000, 0x0000000716200000|100%| O|  |TAMS 0x0000000716200000, 0x0000000716000000| Untracked 
| 177|0x0000000716200000, 0x0000000716200000, 0x0000000716400000|  0%| F|  |TAMS 0x0000000716200000, 0x0000000716200000| Untracked 
| 178|0x0000000716400000, 0x0000000716400000, 0x0000000716600000|  0%| F|  |TAMS 0x0000000716400000, 0x0000000716400000| Untracked 
| 179|0x0000000716600000, 0x0000000716800000, 0x0000000716800000|100%| O|  |TAMS 0x0000000716800000, 0x0000000716600000| Untracked 
| 180|0x0000000716800000, 0x0000000716800000, 0x0000000716a00000|  0%| F|  |TAMS 0x0000000716800000, 0x0000000716800000| Untracked 
| 181|0x0000000716a00000, 0x0000000716c00000, 0x0000000716c00000|100%| O|  |TAMS 0x0000000716c00000, 0x0000000716a00000| Updating 
| 182|0x0000000716c00000, 0x0000000716e00000, 0x0000000716e00000|100%| O|  |TAMS 0x0000000716e00000, 0x0000000716c00000| Untracked 
| 183|0x0000000716e00000, 0x0000000717000000, 0x0000000717000000|100%| O|  |TAMS 0x0000000717000000, 0x0000000716e00000| Updating 
| 184|0x0000000717000000, 0x0000000717000000, 0x0000000717200000|  0%| F|  |TAMS 0x0000000717000000, 0x0000000717000000| Untracked 
| 185|0x0000000717200000, 0x0000000717400000, 0x0000000717400000|100%| O|  |TAMS 0x0000000717400000, 0x0000000717200000| Untracked 
| 186|0x0000000717400000, 0x0000000717600000, 0x0000000717600000|100%| O|  |TAMS 0x0000000717600000, 0x0000000717400000| Untracked 
| 187|0x0000000717600000, 0x0000000717600000, 0x0000000717800000|  0%| F|  |TAMS 0x0000000717600000, 0x0000000717600000| Untracked 
| 188|0x0000000717800000, 0x0000000717a00000, 0x0000000717a00000|100%| O|  |TAMS 0x0000000717a00000, 0x0000000717800000| Untracked 
| 189|0x0000000717a00000, 0x0000000717c00000, 0x0000000717c00000|100%| O|  |TAMS 0x0000000717c00000, 0x0000000717a00000| Updating 
| 190|0x0000000717c00000, 0x0000000717e00000, 0x0000000717e00000|100%| O|  |TAMS 0x0000000717e00000, 0x0000000717c00000| Updating 
| 191|0x0000000717e00000, 0x0000000718000000, 0x0000000718000000|100%| O|  |TAMS 0x0000000718000000, 0x0000000717e00000| Untracked 
| 192|0x0000000718000000, 0x0000000718200000, 0x0000000718200000|100%| O|  |TAMS 0x0000000718200000, 0x0000000718000000| Untracked 
| 193|0x0000000718200000, 0x0000000718200000, 0x0000000718400000|  0%| F|  |TAMS 0x0000000718200000, 0x0000000718200000| Untracked 
| 194|0x0000000718400000, 0x0000000718600000, 0x0000000718600000|100%| O|  |TAMS 0x0000000718600000, 0x0000000718400000| Untracked 
| 195|0x0000000718600000, 0x0000000718800000, 0x0000000718800000|100%| O|  |TAMS 0x0000000718800000, 0x0000000718600000| Untracked 
| 196|0x0000000718800000, 0x0000000718a00000, 0x0000000718a00000|100%| O|  |TAMS 0x0000000718a00000, 0x0000000718800000| Untracked 
| 197|0x0000000718a00000, 0x0000000718c00000, 0x0000000718c00000|100%| O|  |TAMS 0x0000000718c00000, 0x0000000718a00000| Untracked 
| 198|0x0000000718c00000, 0x0000000718e00000, 0x0000000718e00000|100%| O|  |TAMS 0x0000000718e00000, 0x0000000718c00000| Untracked 
| 199|0x0000000718e00000, 0x0000000718e00000, 0x0000000719000000|  0%| F|  |TAMS 0x0000000718e00000, 0x0000000718e00000| Untracked 
| 200|0x0000000719000000, 0x0000000719200000, 0x0000000719200000|100%| O|  |TAMS 0x0000000719200000, 0x0000000719000000| Untracked 
| 201|0x0000000719200000, 0x0000000719400000, 0x0000000719400000|100%| O|  |TAMS 0x0000000719400000, 0x0000000719200000| Untracked 
| 202|0x0000000719400000, 0x0000000719600000, 0x0000000719600000|100%| O|  |TAMS 0x0000000719600000, 0x0000000719400000| Updating 
| 203|0x0000000719600000, 0x0000000719800000, 0x0000000719800000|100%| O|  |TAMS 0x0000000719800000, 0x0000000719600000| Updating 
| 204|0x0000000719800000, 0x0000000719a00000, 0x0000000719a00000|100%| O|  |TAMS 0x0000000719a00000, 0x0000000719800000| Updating 
| 205|0x0000000719a00000, 0x0000000719c00000, 0x0000000719c00000|100%| O|  |TAMS 0x0000000719c00000, 0x0000000719a00000| Updating 
| 206|0x0000000719c00000, 0x0000000719e00000, 0x0000000719e00000|100%| O|  |TAMS 0x0000000719e00000, 0x0000000719c00000| Updating 
| 207|0x0000000719e00000, 0x000000071a000000, 0x000000071a000000|100%|HS|  |TAMS 0x000000071a000000, 0x0000000719e00000| Complete 
| 208|0x000000071a000000, 0x000000071a200000, 0x000000071a200000|100%| O|  |TAMS 0x000000071a200000, 0x000000071a000000| Updating 
| 209|0x000000071a200000, 0x000000071a400000, 0x000000071a400000|100%| O|  |TAMS 0x000000071a400000, 0x000000071a200000| Updating 
| 210|0x000000071a400000, 0x000000071a600000, 0x000000071a600000|100%| O|  |TAMS 0x000000071a600000, 0x000000071a400000| Updating 
| 211|0x000000071a600000, 0x000000071a800000, 0x000000071a800000|100%| O|  |TAMS 0x000000071a800000, 0x000000071a600000| Updating 
| 212|0x000000071a800000, 0x000000071aa00000, 0x000000071aa00000|100%| O|  |TAMS 0x000000071aa00000, 0x000000071a800000| Updating 
| 213|0x000000071aa00000, 0x000000071ac00000, 0x000000071ac00000|100%| O|  |TAMS 0x000000071ac00000, 0x000000071aa00000| Updating 
| 214|0x000000071ac00000, 0x000000071ae00000, 0x000000071ae00000|100%| O|  |TAMS 0x000000071ae00000, 0x000000071ac00000| Untracked 
| 215|0x000000071ae00000, 0x000000071b000000, 0x000000071b000000|100%| O|  |TAMS 0x000000071b000000, 0x000000071ae00000| Untracked 
| 216|0x000000071b000000, 0x000000071b200000, 0x000000071b200000|100%| O|  |TAMS 0x000000071b200000, 0x000000071b000000| Untracked 
| 217|0x000000071b200000, 0x000000071b400000, 0x000000071b400000|100%| O|  |TAMS 0x000000071b400000, 0x000000071b200000| Updating 
| 218|0x000000071b400000, 0x000000071b600000, 0x000000071b600000|100%| O|  |TAMS 0x000000071b600000, 0x000000071b400000| Updating 
| 219|0x000000071b600000, 0x000000071b800000, 0x000000071b800000|100%| O|  |TAMS 0x000000071b800000, 0x000000071b600000| Updating 
| 220|0x000000071b800000, 0x000000071b800000, 0x000000071ba00000|  0%| F|  |TAMS 0x000000071b800000, 0x000000071b800000| Untracked 
| 221|0x000000071ba00000, 0x000000071bc00000, 0x000000071bc00000|100%| O|  |TAMS 0x000000071bc00000, 0x000000071ba00000| Updating 
| 222|0x000000071bc00000, 0x000000071bc00000, 0x000000071be00000|  0%| F|  |TAMS 0x000000071bc00000, 0x000000071bc00000| Untracked 
| 223|0x000000071be00000, 0x000000071c000000, 0x000000071c000000|100%| O|  |TAMS 0x000000071c000000, 0x000000071be00000| Updating 
| 224|0x000000071c000000, 0x000000071c000000, 0x000000071c200000|  0%| F|  |TAMS 0x000000071c000000, 0x000000071c000000| Untracked 
| 225|0x000000071c200000, 0x000000071c200000, 0x000000071c400000|  0%| F|  |TAMS 0x000000071c200000, 0x000000071c200000| Untracked 
| 226|0x000000071c400000, 0x000000071c400000, 0x000000071c600000|  0%| F|  |TAMS 0x000000071c400000, 0x000000071c400000| Untracked 
| 227|0x000000071c600000, 0x000000071c600000, 0x000000071c800000|  0%| F|  |TAMS 0x000000071c600000, 0x000000071c600000| Untracked 
| 228|0x000000071c800000, 0x000000071c800000, 0x000000071ca00000|  0%| F|  |TAMS 0x000000071c800000, 0x000000071c800000| Untracked 
| 229|0x000000071ca00000, 0x000000071ca00000, 0x000000071cc00000|  0%| F|  |TAMS 0x000000071ca00000, 0x000000071ca00000| Untracked 
| 230|0x000000071cc00000, 0x000000071cc00000, 0x000000071ce00000|  0%| F|  |TAMS 0x000000071cc00000, 0x000000071cc00000| Untracked 
| 231|0x000000071ce00000, 0x000000071ce00000, 0x000000071d000000|  0%| F|  |TAMS 0x000000071ce00000, 0x000000071ce00000| Untracked 
| 232|0x000000071d000000, 0x000000071d000000, 0x000000071d200000|  0%| F|  |TAMS 0x000000071d000000, 0x000000071d000000| Untracked 
| 233|0x000000071d200000, 0x000000071d200000, 0x000000071d400000|  0%| F|  |TAMS 0x000000071d200000, 0x000000071d200000| Untracked 
| 234|0x000000071d400000, 0x000000071d400000, 0x000000071d600000|  0%| F|  |TAMS 0x000000071d400000, 0x000000071d400000| Untracked 
| 235|0x000000071d600000, 0x000000071d600000, 0x000000071d800000|  0%| F|  |TAMS 0x000000071d600000, 0x000000071d600000| Untracked 
| 236|0x000000071d800000, 0x000000071d800000, 0x000000071da00000|  0%| F|  |TAMS 0x000000071d800000, 0x000000071d800000| Untracked 
| 237|0x000000071da00000, 0x000000071da00000, 0x000000071dc00000|  0%| F|  |TAMS 0x000000071da00000, 0x000000071da00000| Untracked 
| 238|0x000000071dc00000, 0x000000071dc00000, 0x000000071de00000|  0%| F|  |TAMS 0x000000071dc00000, 0x000000071dc00000| Untracked 
| 239|0x000000071de00000, 0x000000071de00000, 0x000000071e000000|  0%| F|  |TAMS 0x000000071de00000, 0x000000071de00000| Untracked 
| 240|0x000000071e000000, 0x000000071e000000, 0x000000071e200000|  0%| F|  |TAMS 0x000000071e000000, 0x000000071e000000| Untracked 
| 241|0x000000071e200000, 0x000000071e200000, 0x000000071e400000|  0%| F|  |TAMS 0x000000071e200000, 0x000000071e200000| Untracked 
| 242|0x000000071e400000, 0x000000071e600000, 0x000000071e600000|100%| O|  |TAMS 0x000000071e600000, 0x000000071e400000| Updating 
| 243|0x000000071e600000, 0x000000071e800000, 0x000000071e800000|100%| O|  |TAMS 0x000000071e800000, 0x000000071e600000| Updating 
| 244|0x000000071e800000, 0x000000071ea00000, 0x000000071ea00000|100%| O|  |TAMS 0x000000071ea00000, 0x000000071e800000| Updating 
| 245|0x000000071ea00000, 0x000000071ec00000, 0x000000071ec00000|100%| O|  |TAMS 0x000000071ec00000, 0x000000071ea00000| Updating 
| 246|0x000000071ec00000, 0x000000071ec00000, 0x000000071ee00000|  0%| F|  |TAMS 0x000000071ec00000, 0x000000071ec00000| Untracked 
| 247|0x000000071ee00000, 0x000000071f000000, 0x000000071f000000|100%| O|  |TAMS 0x000000071f000000, 0x000000071ee00000| Updating 
| 248|0x000000071f000000, 0x000000071f200000, 0x000000071f200000|100%| O|  |TAMS 0x000000071f200000, 0x000000071f000000| Updating 
| 249|0x000000071f200000, 0x000000071f400000, 0x000000071f400000|100%| O|  |TAMS 0x000000071f400000, 0x000000071f200000| Updating 
| 250|0x000000071f400000, 0x000000071f600000, 0x000000071f600000|100%| O|  |TAMS 0x000000071f600000, 0x000000071f400000| Updating 
| 251|0x000000071f600000, 0x000000071f600000, 0x000000071f800000|  0%| F|  |TAMS 0x000000071f600000, 0x000000071f600000| Untracked 
| 252|0x000000071f800000, 0x000000071fa00000, 0x000000071fa00000|100%| O|  |TAMS 0x000000071fa00000, 0x000000071f800000| Updating 
| 253|0x000000071fa00000, 0x000000071fc00000, 0x000000071fc00000|100%| O|  |TAMS 0x000000071fc00000, 0x000000071fa00000| Updating 
| 254|0x000000071fc00000, 0x000000071fe00000, 0x000000071fe00000|100%| O|  |TAMS 0x000000071fe00000, 0x000000071fc00000| Updating 
| 255|0x000000071fe00000, 0x000000071fe00000, 0x0000000720000000|  0%| F|  |TAMS 0x000000071fe00000, 0x000000071fe00000| Untracked 
| 256|0x0000000720000000, 0x0000000720000000, 0x0000000720200000|  0%| F|  |TAMS 0x0000000720000000, 0x0000000720000000| Untracked 
| 257|0x0000000720200000, 0x0000000720200000, 0x0000000720400000|  0%| F|  |TAMS 0x0000000720200000, 0x0000000720200000| Untracked 
| 258|0x0000000720400000, 0x0000000720600000, 0x0000000720600000|100%| O|  |TAMS 0x0000000720600000, 0x0000000720400000| Updating 
| 259|0x0000000720600000, 0x0000000720800000, 0x0000000720800000|100%| O|  |TAMS 0x0000000720800000, 0x0000000720600000| Untracked 
| 260|0x0000000720800000, 0x0000000720a00000, 0x0000000720a00000|100%| O|  |TAMS 0x0000000720a00000, 0x0000000720800000| Untracked 
| 261|0x0000000720a00000, 0x0000000720c00000, 0x0000000720c00000|100%| O|  |TAMS 0x0000000720c00000, 0x0000000720a00000| Updating 
| 262|0x0000000720c00000, 0x0000000720e00000, 0x0000000720e00000|100%| O|  |TAMS 0x0000000720e00000, 0x0000000720c00000| Updating 
| 263|0x0000000720e00000, 0x0000000720e00000, 0x0000000721000000|  0%| F|  |TAMS 0x0000000720e00000, 0x0000000720e00000| Untracked 
| 264|0x0000000721000000, 0x0000000721000000, 0x0000000721200000|  0%| F|  |TAMS 0x0000000721000000, 0x0000000721000000| Untracked 
| 265|0x0000000721200000, 0x0000000721200000, 0x0000000721400000|  0%| F|  |TAMS 0x0000000721200000, 0x0000000721200000| Untracked 
| 266|0x0000000721400000, 0x0000000721600000, 0x0000000721600000|100%| O|  |TAMS 0x0000000721600000, 0x0000000721400000| Untracked 
| 267|0x0000000721600000, 0x0000000721800000, 0x0000000721800000|100%| O|  |TAMS 0x0000000721800000, 0x0000000721600000| Updating 
| 268|0x0000000721800000, 0x0000000721a00000, 0x0000000721a00000|100%| O|  |TAMS 0x0000000721a00000, 0x0000000721800000| Updating 
| 269|0x0000000721a00000, 0x0000000721c00000, 0x0000000721c00000|100%| O|  |TAMS 0x0000000721c00000, 0x0000000721a00000| Updating 
| 270|0x0000000721c00000, 0x0000000721e00000, 0x0000000721e00000|100%| O|  |TAMS 0x0000000721e00000, 0x0000000721c00000| Updating 
| 271|0x0000000721e00000, 0x0000000722000000, 0x0000000722000000|100%| O|  |TAMS 0x0000000722000000, 0x0000000721e00000| Updating 
| 272|0x0000000722000000, 0x0000000722200000, 0x0000000722200000|100%| O|  |TAMS 0x0000000722200000, 0x0000000722000000| Updating 
| 273|0x0000000722200000, 0x0000000722400000, 0x0000000722400000|100%| O|  |TAMS 0x0000000722400000, 0x0000000722200000| Updating 
| 274|0x0000000722400000, 0x0000000722400000, 0x0000000722600000|  0%| F|  |TAMS 0x0000000722400000, 0x0000000722400000| Untracked 
| 275|0x0000000722600000, 0x0000000722600000, 0x0000000722800000|  0%| F|  |TAMS 0x0000000722600000, 0x0000000722600000| Untracked 
| 276|0x0000000722800000, 0x0000000722800000, 0x0000000722a00000|  0%| F|  |TAMS 0x0000000722800000, 0x0000000722800000| Untracked 
| 277|0x0000000722a00000, 0x0000000722a00000, 0x0000000722c00000|  0%| F|  |TAMS 0x0000000722a00000, 0x0000000722a00000| Untracked 
| 278|0x0000000722c00000, 0x0000000722e00000, 0x0000000722e00000|100%| O|  |TAMS 0x0000000722e00000, 0x0000000722c00000| Updating 
| 279|0x0000000722e00000, 0x0000000723000000, 0x0000000723000000|100%| O|  |TAMS 0x0000000723000000, 0x0000000722e00000| Updating 
| 280|0x0000000723000000, 0x0000000723200000, 0x0000000723200000|100%| O|  |TAMS 0x0000000723200000, 0x0000000723000000| Updating 
| 281|0x0000000723200000, 0x0000000723400000, 0x0000000723400000|100%| O|  |TAMS 0x0000000723400000, 0x0000000723200000| Updating 
| 282|0x0000000723400000, 0x0000000723400000, 0x0000000723600000|  0%| F|  |TAMS 0x0000000723400000, 0x0000000723400000| Untracked 
| 283|0x0000000723600000, 0x0000000723600000, 0x0000000723800000|  0%| F|  |TAMS 0x0000000723600000, 0x0000000723600000| Untracked 
| 284|0x0000000723800000, 0x0000000723800000, 0x0000000723a00000|  0%| F|  |TAMS 0x0000000723800000, 0x0000000723800000| Untracked 
| 285|0x0000000723a00000, 0x0000000723a00000, 0x0000000723c00000|  0%| F|  |TAMS 0x0000000723a00000, 0x0000000723a00000| Untracked 
| 286|0x0000000723c00000, 0x0000000723c00000, 0x0000000723e00000|  0%| F|  |TAMS 0x0000000723c00000, 0x0000000723c00000| Untracked 
| 287|0x0000000723e00000, 0x0000000723e00000, 0x0000000724000000|  0%| F|  |TAMS 0x0000000723e00000, 0x0000000723e00000| Untracked 
| 288|0x0000000724000000, 0x0000000724000000, 0x0000000724200000|  0%| F|  |TAMS 0x0000000724000000, 0x0000000724000000| Untracked 
| 289|0x0000000724200000, 0x0000000724200000, 0x0000000724400000|  0%| F|  |TAMS 0x0000000724200000, 0x0000000724200000| Untracked 
| 290|0x0000000724400000, 0x0000000724400000, 0x0000000724600000|  0%| F|  |TAMS 0x0000000724400000, 0x0000000724400000| Untracked 
| 291|0x0000000724600000, 0x0000000724600000, 0x0000000724800000|  0%| F|  |TAMS 0x0000000724600000, 0x0000000724600000| Untracked 
| 292|0x0000000724800000, 0x0000000724800000, 0x0000000724a00000|  0%| F|  |TAMS 0x0000000724800000, 0x0000000724800000| Untracked 
| 293|0x0000000724a00000, 0x0000000724a00000, 0x0000000724c00000|  0%| F|  |TAMS 0x0000000724a00000, 0x0000000724a00000| Untracked 
| 294|0x0000000724c00000, 0x0000000724c00000, 0x0000000724e00000|  0%| F|  |TAMS 0x0000000724c00000, 0x0000000724c00000| Untracked 
| 295|0x0000000724e00000, 0x0000000725000000, 0x0000000725000000|100%| O|  |TAMS 0x0000000725000000, 0x0000000724e00000| Updating 
| 296|0x0000000725000000, 0x0000000725200000, 0x0000000725200000|100%| O|  |TAMS 0x0000000725200000, 0x0000000725000000| Updating 
| 297|0x0000000725200000, 0x0000000725400000, 0x0000000725400000|100%| O|  |TAMS 0x0000000725400000, 0x0000000725200000| Untracked 
| 298|0x0000000725400000, 0x0000000725400000, 0x0000000725600000|  0%| F|  |TAMS 0x0000000725400000, 0x0000000725400000| Untracked 
| 299|0x0000000725600000, 0x0000000725600000, 0x0000000725800000|  0%| F|  |TAMS 0x0000000725600000, 0x0000000725600000| Untracked 
| 300|0x0000000725800000, 0x0000000725a00000, 0x0000000725a00000|100%| O|  |TAMS 0x0000000725a00000, 0x0000000725800000| Updating 
| 301|0x0000000725a00000, 0x0000000725c00000, 0x0000000725c00000|100%| O|  |TAMS 0x0000000725c00000, 0x0000000725a00000| Updating 
| 302|0x0000000725c00000, 0x0000000725e00000, 0x0000000725e00000|100%| O|  |TAMS 0x0000000725e00000, 0x0000000725c00000| Untracked 
| 303|0x0000000725e00000, 0x0000000726000000, 0x0000000726000000|100%| O|  |TAMS 0x0000000726000000, 0x0000000725e00000| Untracked 
| 304|0x0000000726000000, 0x0000000726200000, 0x0000000726200000|100%| O|  |TAMS 0x0000000726200000, 0x0000000726000000| Untracked 
| 305|0x0000000726200000, 0x0000000726400000, 0x0000000726400000|100%| O|  |TAMS 0x0000000726400000, 0x0000000726200000| Updating 
| 306|0x0000000726400000, 0x0000000726600000, 0x0000000726600000|100%| O|  |TAMS 0x0000000726600000, 0x0000000726400000| Untracked 
| 307|0x0000000726600000, 0x0000000726800000, 0x0000000726800000|100%| O|  |TAMS 0x0000000726800000, 0x0000000726600000| Untracked 
| 308|0x0000000726800000, 0x0000000726a00000, 0x0000000726a00000|100%| O|  |TAMS 0x0000000726a00000, 0x0000000726800000| Updating 
| 309|0x0000000726a00000, 0x0000000726c00000, 0x0000000726c00000|100%| O|  |TAMS 0x0000000726c00000, 0x0000000726a00000| Untracked 
| 310|0x0000000726c00000, 0x0000000726e00000, 0x0000000726e00000|100%| O|  |TAMS 0x0000000726e00000, 0x0000000726c00000| Untracked 
| 311|0x0000000726e00000, 0x0000000727000000, 0x0000000727000000|100%| O|  |TAMS 0x0000000727000000, 0x0000000726e00000| Updating 
| 312|0x0000000727000000, 0x0000000727200000, 0x0000000727200000|100%| O|  |TAMS 0x0000000727200000, 0x0000000727000000| Untracked 
| 313|0x0000000727200000, 0x0000000727400000, 0x0000000727400000|100%| O|  |TAMS 0x0000000727400000, 0x0000000727200000| Untracked 
| 314|0x0000000727400000, 0x0000000727600000, 0x0000000727600000|100%| O|  |TAMS 0x0000000727600000, 0x0000000727400000| Untracked 
| 315|0x0000000727600000, 0x0000000727800000, 0x0000000727800000|100%| O|  |TAMS 0x0000000727800000, 0x0000000727600000| Untracked 
| 316|0x0000000727800000, 0x0000000727a00000, 0x0000000727a00000|100%| O|  |TAMS 0x0000000727a00000, 0x0000000727800000| Untracked 
| 317|0x0000000727a00000, 0x0000000727c00000, 0x0000000727c00000|100%| O|  |TAMS 0x0000000727c00000, 0x0000000727a00000| Untracked 
| 318|0x0000000727c00000, 0x0000000727e00000, 0x0000000727e00000|100%| O|  |TAMS 0x0000000727e00000, 0x0000000727c00000| Untracked 
| 319|0x0000000727e00000, 0x0000000728000000, 0x0000000728000000|100%| O|  |TAMS 0x0000000728000000, 0x0000000727e00000| Untracked 
| 320|0x0000000728000000, 0x0000000728200000, 0x0000000728200000|100%| O|  |TAMS 0x0000000728200000, 0x0000000728000000| Untracked 
| 321|0x0000000728200000, 0x0000000728400000, 0x0000000728400000|100%| O|  |TAMS 0x0000000728400000, 0x0000000728200000| Untracked 
| 322|0x0000000728400000, 0x0000000728600000, 0x0000000728600000|100%| O|  |TAMS 0x0000000728600000, 0x0000000728400000| Untracked 
| 323|0x0000000728600000, 0x0000000728800000, 0x0000000728800000|100%| O|  |TAMS 0x0000000728800000, 0x0000000728600000| Untracked 
| 324|0x0000000728800000, 0x0000000728a00000, 0x0000000728a00000|100%| O|  |TAMS 0x0000000728a00000, 0x0000000728800000| Untracked 
| 325|0x0000000728a00000, 0x0000000728c00000, 0x0000000728c00000|100%| O|  |TAMS 0x0000000728c00000, 0x0000000728a00000| Untracked 
| 326|0x0000000728c00000, 0x0000000728e00000, 0x0000000728e00000|100%| O|  |TAMS 0x0000000728e00000, 0x0000000728c00000| Untracked 
| 327|0x0000000728e00000, 0x0000000729000000, 0x0000000729000000|100%| O|  |TAMS 0x0000000729000000, 0x0000000728e00000| Untracked 
| 328|0x0000000729000000, 0x0000000729200000, 0x0000000729200000|100%| O|  |TAMS 0x0000000729200000, 0x0000000729000000| Untracked 
| 329|0x0000000729200000, 0x0000000729400000, 0x0000000729400000|100%| O|  |TAMS 0x0000000729400000, 0x0000000729200000| Untracked 
| 330|0x0000000729400000, 0x0000000729600000, 0x0000000729600000|100%| O|  |TAMS 0x0000000729600000, 0x0000000729400000| Untracked 
| 331|0x0000000729600000, 0x0000000729800000, 0x0000000729800000|100%| O|  |TAMS 0x0000000729800000, 0x0000000729600000| Untracked 
| 332|0x0000000729800000, 0x0000000729a00000, 0x0000000729a00000|100%| O|  |TAMS 0x0000000729a00000, 0x0000000729800000| Untracked 
| 333|0x0000000729a00000, 0x0000000729c00000, 0x0000000729c00000|100%| O|  |TAMS 0x0000000729c00000, 0x0000000729a00000| Untracked 
| 334|0x0000000729c00000, 0x0000000729e00000, 0x0000000729e00000|100%| O|  |TAMS 0x0000000729e00000, 0x0000000729c00000| Untracked 
| 335|0x0000000729e00000, 0x000000072a000000, 0x000000072a000000|100%| O|  |TAMS 0x000000072a000000, 0x0000000729e00000| Untracked 
| 336|0x000000072a000000, 0x000000072a200000, 0x000000072a200000|100%| O|  |TAMS 0x000000072a200000, 0x000000072a000000| Untracked 
| 337|0x000000072a200000, 0x000000072a400000, 0x000000072a400000|100%| O|  |TAMS 0x000000072a400000, 0x000000072a200000| Untracked 
| 338|0x000000072a400000, 0x000000072a600000, 0x000000072a600000|100%| O|  |TAMS 0x000000072a600000, 0x000000072a400000| Untracked 
| 339|0x000000072a600000, 0x000000072a800000, 0x000000072a800000|100%| O|  |TAMS 0x000000072a800000, 0x000000072a600000| Untracked 
| 340|0x000000072a800000, 0x000000072aa00000, 0x000000072aa00000|100%| O|  |TAMS 0x000000072aa00000, 0x000000072a800000| Untracked 
| 341|0x000000072aa00000, 0x000000072ac00000, 0x000000072ac00000|100%| O|  |TAMS 0x000000072ac00000, 0x000000072aa00000| Untracked 
| 342|0x000000072ac00000, 0x000000072ae00000, 0x000000072ae00000|100%| O|  |TAMS 0x000000072ae00000, 0x000000072ac00000| Untracked 
| 343|0x000000072ae00000, 0x000000072b000000, 0x000000072b000000|100%| O|  |TAMS 0x000000072b000000, 0x000000072ae00000| Untracked 
| 344|0x000000072b000000, 0x000000072b200000, 0x000000072b200000|100%| O|  |TAMS 0x000000072b200000, 0x000000072b000000| Untracked 
| 345|0x000000072b200000, 0x000000072b400000, 0x000000072b400000|100%| O|  |TAMS 0x000000072b400000, 0x000000072b200000| Untracked 
| 346|0x000000072b400000, 0x000000072b600000, 0x000000072b600000|100%| O|  |TAMS 0x000000072b600000, 0x000000072b400000| Untracked 
| 347|0x000000072b600000, 0x000000072b800000, 0x000000072b800000|100%| O|  |TAMS 0x000000072b800000, 0x000000072b600000| Untracked 
| 348|0x000000072b800000, 0x000000072ba00000, 0x000000072ba00000|100%| O|  |TAMS 0x000000072ba00000, 0x000000072b800000| Untracked 
| 349|0x000000072ba00000, 0x000000072bc00000, 0x000000072bc00000|100%| O|  |TAMS 0x000000072bc00000, 0x000000072ba00000| Untracked 
| 350|0x000000072bc00000, 0x000000072be00000, 0x000000072be00000|100%| O|  |TAMS 0x000000072be00000, 0x000000072bc00000| Untracked 
| 351|0x000000072be00000, 0x000000072c000000, 0x000000072c000000|100%| O|  |TAMS 0x000000072c000000, 0x000000072be00000| Untracked 
| 352|0x000000072c000000, 0x000000072c200000, 0x000000072c200000|100%| O|  |TAMS 0x000000072c200000, 0x000000072c000000| Untracked 
| 353|0x000000072c200000, 0x000000072c400000, 0x000000072c400000|100%| O|  |TAMS 0x000000072c400000, 0x000000072c200000| Untracked 
| 354|0x000000072c400000, 0x000000072c600000, 0x000000072c600000|100%| O|  |TAMS 0x000000072c600000, 0x000000072c400000| Untracked 
| 355|0x000000072c600000, 0x000000072c800000, 0x000000072c800000|100%| O|  |TAMS 0x000000072c800000, 0x000000072c600000| Untracked 
| 356|0x000000072c800000, 0x000000072ca00000, 0x000000072ca00000|100%| O|  |TAMS 0x000000072ca00000, 0x000000072c800000| Untracked 
| 357|0x000000072ca00000, 0x000000072cc00000, 0x000000072cc00000|100%| O|  |TAMS 0x000000072cc00000, 0x000000072ca00000| Untracked 
| 358|0x000000072cc00000, 0x000000072ce00000, 0x000000072ce00000|100%| O|  |TAMS 0x000000072ce00000, 0x000000072cc00000| Untracked 
| 359|0x000000072ce00000, 0x000000072d000000, 0x000000072d000000|100%| O|  |TAMS 0x000000072d000000, 0x000000072ce00000| Untracked 
| 360|0x000000072d000000, 0x000000072d200000, 0x000000072d200000|100%| O|  |TAMS 0x000000072d200000, 0x000000072d000000| Untracked 
| 361|0x000000072d200000, 0x000000072d400000, 0x000000072d400000|100%| O|  |TAMS 0x000000072d400000, 0x000000072d200000| Updating 
| 362|0x000000072d400000, 0x000000072d400000, 0x000000072d600000|  0%| F|  |TAMS 0x000000072d400000, 0x000000072d400000| Untracked 
| 363|0x000000072d600000, 0x000000072d800000, 0x000000072d800000|100%| O|  |TAMS 0x000000072d800000, 0x000000072d600000| Updating 
| 364|0x000000072d800000, 0x000000072da00000, 0x000000072da00000|100%| O|  |TAMS 0x000000072da00000, 0x000000072d800000| Updating 
| 365|0x000000072da00000, 0x000000072dc00000, 0x000000072dc00000|100%| O|  |TAMS 0x000000072dc00000, 0x000000072da00000| Untracked 
| 366|0x000000072dc00000, 0x000000072de00000, 0x000000072de00000|100%| O|  |TAMS 0x000000072de00000, 0x000000072dc00000| Untracked 
| 367|0x000000072de00000, 0x000000072e000000, 0x000000072e000000|100%| O|  |TAMS 0x000000072e000000, 0x000000072de00000| Updating 
| 368|0x000000072e000000, 0x000000072e200000, 0x000000072e200000|100%| O|  |TAMS 0x000000072e200000, 0x000000072e000000| Untracked 
| 369|0x000000072e200000, 0x000000072e400000, 0x000000072e400000|100%| O|  |TAMS 0x000000072e400000, 0x000000072e200000| Updating 
| 370|0x000000072e400000, 0x000000072e600000, 0x000000072e600000|100%| O|  |TAMS 0x000000072e600000, 0x000000072e400000| Untracked 
| 371|0x000000072e600000, 0x000000072e800000, 0x000000072e800000|100%| O|  |TAMS 0x000000072e800000, 0x000000072e600000| Untracked 
| 372|0x000000072e800000, 0x000000072ea00000, 0x000000072ea00000|100%| O|  |TAMS 0x000000072ea00000, 0x000000072e800000| Untracked 
| 373|0x000000072ea00000, 0x000000072ec00000, 0x000000072ec00000|100%| O|  |TAMS 0x000000072ec00000, 0x000000072ea00000| Updating 
| 374|0x000000072ec00000, 0x000000072ee00000, 0x000000072ee00000|100%| O|  |TAMS 0x000000072ee00000, 0x000000072ec00000| Untracked 
| 375|0x000000072ee00000, 0x000000072f000000, 0x000000072f000000|100%| O|  |TAMS 0x000000072f000000, 0x000000072ee00000| Untracked 
| 376|0x000000072f000000, 0x000000072f200000, 0x000000072f200000|100%| O|  |TAMS 0x000000072f200000, 0x000000072f000000| Untracked 
| 377|0x000000072f200000, 0x000000072f400000, 0x000000072f400000|100%| O|  |TAMS 0x000000072f400000, 0x000000072f200000| Untracked 
| 378|0x000000072f400000, 0x000000072f600000, 0x000000072f600000|100%| O|  |TAMS 0x000000072f600000, 0x000000072f400000| Untracked 
| 379|0x000000072f600000, 0x000000072f800000, 0x000000072f800000|100%| O|  |TAMS 0x000000072f800000, 0x000000072f600000| Updating 
| 380|0x000000072f800000, 0x000000072fa00000, 0x000000072fa00000|100%| O|  |TAMS 0x000000072fa00000, 0x000000072f800000| Untracked 
| 381|0x000000072fa00000, 0x000000072fc00000, 0x000000072fc00000|100%| O|  |TAMS 0x000000072fc00000, 0x000000072fa00000| Updating 
| 382|0x000000072fc00000, 0x000000072fe00000, 0x000000072fe00000|100%| O|  |TAMS 0x000000072fe00000, 0x000000072fc00000| Untracked 
| 383|0x000000072fe00000, 0x0000000730000000, 0x0000000730000000|100%| O|  |TAMS 0x0000000730000000, 0x000000072fe00000| Untracked 
| 384|0x0000000730000000, 0x0000000730200000, 0x0000000730200000|100%| O|  |TAMS 0x0000000730200000, 0x0000000730000000| Untracked 
| 385|0x0000000730200000, 0x0000000730400000, 0x0000000730400000|100%| O|  |TAMS 0x0000000730400000, 0x0000000730200000| Untracked 
| 386|0x0000000730400000, 0x0000000730600000, 0x0000000730600000|100%| O|  |TAMS 0x0000000730600000, 0x0000000730400000| Untracked 
| 387|0x0000000730600000, 0x0000000730800000, 0x0000000730800000|100%| O|  |TAMS 0x0000000730800000, 0x0000000730600000| Untracked 
| 388|0x0000000730800000, 0x0000000730a00000, 0x0000000730a00000|100%| O|  |TAMS 0x0000000730a00000, 0x0000000730800000| Untracked 
| 389|0x0000000730a00000, 0x0000000730c00000, 0x0000000730c00000|100%| O|  |TAMS 0x0000000730c00000, 0x0000000730a00000| Untracked 
| 390|0x0000000730c00000, 0x0000000730e00000, 0x0000000730e00000|100%| O|  |TAMS 0x0000000730e00000, 0x0000000730c00000| Untracked 
| 391|0x0000000730e00000, 0x0000000731000000, 0x0000000731000000|100%| O|  |TAMS 0x0000000731000000, 0x0000000730e00000| Untracked 
| 392|0x0000000731000000, 0x0000000731200000, 0x0000000731200000|100%| O|  |TAMS 0x0000000731200000, 0x0000000731000000| Untracked 
| 393|0x0000000731200000, 0x0000000731400000, 0x0000000731400000|100%| O|  |TAMS 0x0000000731400000, 0x0000000731200000| Untracked 
| 394|0x0000000731400000, 0x0000000731600000, 0x0000000731600000|100%| O|  |TAMS 0x0000000731600000, 0x0000000731400000| Untracked 
| 395|0x0000000731600000, 0x0000000731800000, 0x0000000731800000|100%| O|  |TAMS 0x0000000731800000, 0x0000000731600000| Untracked 
| 396|0x0000000731800000, 0x0000000731a00000, 0x0000000731a00000|100%| O|  |TAMS 0x0000000731a00000, 0x0000000731800000| Untracked 
| 397|0x0000000731a00000, 0x0000000731c00000, 0x0000000731c00000|100%| O|  |TAMS 0x0000000731c00000, 0x0000000731a00000| Updating 
| 398|0x0000000731c00000, 0x0000000731e00000, 0x0000000731e00000|100%| O|  |TAMS 0x0000000731e00000, 0x0000000731c00000| Updating 
| 399|0x0000000731e00000, 0x0000000732000000, 0x0000000732000000|100%| O|  |TAMS 0x0000000732000000, 0x0000000731e00000| Untracked 
| 400|0x0000000732000000, 0x0000000732200000, 0x0000000732200000|100%| O|  |TAMS 0x0000000732200000, 0x0000000732000000| Updating 
| 401|0x0000000732200000, 0x0000000732400000, 0x0000000732400000|100%| O|  |TAMS 0x0000000732400000, 0x0000000732200000| Updating 
| 402|0x0000000732400000, 0x0000000732600000, 0x0000000732600000|100%| O|  |TAMS 0x0000000732600000, 0x0000000732400000| Updating 
| 403|0x0000000732600000, 0x0000000732600000, 0x0000000732800000|  0%| F|  |TAMS 0x0000000732600000, 0x0000000732600000| Untracked 
| 404|0x0000000732800000, 0x0000000732a00000, 0x0000000732a00000|100%| O|  |TAMS 0x0000000732a00000, 0x0000000732800000| Updating 
| 405|0x0000000732a00000, 0x0000000732a00000, 0x0000000732c00000|  0%| F|  |TAMS 0x0000000732a00000, 0x0000000732a00000| Untracked 
| 406|0x0000000732c00000, 0x0000000732c00000, 0x0000000732e00000|  0%| F|  |TAMS 0x0000000732c00000, 0x0000000732c00000| Untracked 
| 407|0x0000000732e00000, 0x0000000732e00000, 0x0000000733000000|  0%| F|  |TAMS 0x0000000732e00000, 0x0000000732e00000| Untracked 
| 408|0x0000000733000000, 0x0000000733000000, 0x0000000733200000|  0%| F|  |TAMS 0x0000000733000000, 0x0000000733000000| Untracked 
| 409|0x0000000733200000, 0x0000000733200000, 0x0000000733400000|  0%| F|  |TAMS 0x0000000733200000, 0x0000000733200000| Untracked 
| 410|0x0000000733400000, 0x0000000733400000, 0x0000000733600000|  0%| F|  |TAMS 0x0000000733400000, 0x0000000733400000| Untracked 
| 411|0x0000000733600000, 0x0000000733800000, 0x0000000733800000|100%| O|  |TAMS 0x0000000733800000, 0x0000000733600000| Untracked 
| 412|0x0000000733800000, 0x0000000733a00000, 0x0000000733a00000|100%| O|  |TAMS 0x0000000733a00000, 0x0000000733800000| Untracked 
| 413|0x0000000733a00000, 0x0000000733c00000, 0x0000000733c00000|100%| O|  |TAMS 0x0000000733c00000, 0x0000000733a00000| Untracked 
| 414|0x0000000733c00000, 0x0000000733e00000, 0x0000000733e00000|100%| O|  |TAMS 0x0000000733e00000, 0x0000000733c00000| Untracked 
| 415|0x0000000733e00000, 0x0000000734000000, 0x0000000734000000|100%| O|  |TAMS 0x0000000734000000, 0x0000000733e00000| Untracked 
| 416|0x0000000734000000, 0x0000000734200000, 0x0000000734200000|100%| O|  |TAMS 0x0000000734200000, 0x0000000734000000| Untracked 
| 417|0x0000000734200000, 0x0000000734400000, 0x0000000734400000|100%| O|  |TAMS 0x0000000734400000, 0x0000000734200000| Untracked 
| 418|0x0000000734400000, 0x0000000734600000, 0x0000000734600000|100%| O|  |TAMS 0x0000000734600000, 0x0000000734400000| Untracked 
| 419|0x0000000734600000, 0x0000000734800000, 0x0000000734800000|100%| O|  |TAMS 0x0000000734800000, 0x0000000734600000| Untracked 
| 420|0x0000000734800000, 0x0000000734a00000, 0x0000000734a00000|100%| O|  |TAMS 0x0000000734a00000, 0x0000000734800000| Untracked 
| 421|0x0000000734a00000, 0x0000000734c00000, 0x0000000734c00000|100%| O|  |TAMS 0x0000000734c00000, 0x0000000734a00000| Untracked 
| 422|0x0000000734c00000, 0x0000000734e00000, 0x0000000734e00000|100%| O|  |TAMS 0x0000000734e00000, 0x0000000734c00000| Untracked 
| 423|0x0000000734e00000, 0x0000000735000000, 0x0000000735000000|100%| O|  |TAMS 0x0000000735000000, 0x0000000734e00000| Untracked 
| 424|0x0000000735000000, 0x0000000735200000, 0x0000000735200000|100%| O|  |TAMS 0x0000000735200000, 0x0000000735000000| Untracked 
| 425|0x0000000735200000, 0x0000000735400000, 0x0000000735400000|100%| O|  |TAMS 0x0000000735400000, 0x0000000735200000| Updating 
| 426|0x0000000735400000, 0x0000000735600000, 0x0000000735600000|100%| O|  |TAMS 0x0000000735600000, 0x0000000735400000| Updating 
| 427|0x0000000735600000, 0x0000000735800000, 0x0000000735800000|100%| O|  |TAMS 0x0000000735800000, 0x0000000735600000| Updating 
| 428|0x0000000735800000, 0x0000000735a00000, 0x0000000735a00000|100%| O|  |TAMS 0x0000000735a00000, 0x0000000735800000| Untracked 
| 429|0x0000000735a00000, 0x0000000735c00000, 0x0000000735c00000|100%| O|  |TAMS 0x0000000735c00000, 0x0000000735a00000| Untracked 
| 430|0x0000000735c00000, 0x0000000735e00000, 0x0000000735e00000|100%| O|  |TAMS 0x0000000735e00000, 0x0000000735c00000| Untracked 
| 431|0x0000000735e00000, 0x0000000736000000, 0x0000000736000000|100%| O|  |TAMS 0x0000000736000000, 0x0000000735e00000| Untracked 
| 432|0x0000000736000000, 0x0000000736200000, 0x0000000736200000|100%| O|  |TAMS 0x0000000736200000, 0x0000000736000000| Untracked 
| 433|0x0000000736200000, 0x0000000736400000, 0x0000000736400000|100%| O|  |TAMS 0x0000000736400000, 0x0000000736200000| Untracked 
| 434|0x0000000736400000, 0x0000000736600000, 0x0000000736600000|100%| O|  |TAMS 0x0000000736600000, 0x0000000736400000| Untracked 
| 435|0x0000000736600000, 0x0000000736800000, 0x0000000736800000|100%| O|  |TAMS 0x0000000736800000, 0x0000000736600000| Untracked 
| 436|0x0000000736800000, 0x0000000736a00000, 0x0000000736a00000|100%| O|  |TAMS 0x0000000736a00000, 0x0000000736800000| Untracked 
| 437|0x0000000736a00000, 0x0000000736c00000, 0x0000000736c00000|100%| O|  |TAMS 0x0000000736c00000, 0x0000000736a00000| Untracked 
| 438|0x0000000736c00000, 0x0000000736e00000, 0x0000000736e00000|100%| O|  |TAMS 0x0000000736e00000, 0x0000000736c00000| Untracked 
| 439|0x0000000736e00000, 0x0000000737000000, 0x0000000737000000|100%| O|  |TAMS 0x0000000737000000, 0x0000000736e00000| Untracked 
| 440|0x0000000737000000, 0x0000000737200000, 0x0000000737200000|100%| O|  |TAMS 0x0000000737200000, 0x0000000737000000| Untracked 
| 441|0x0000000737200000, 0x0000000737400000, 0x0000000737400000|100%| O|  |TAMS 0x0000000737400000, 0x0000000737200000| Untracked 
| 442|0x0000000737400000, 0x0000000737600000, 0x0000000737600000|100%| O|  |TAMS 0x0000000737600000, 0x0000000737400000| Untracked 
| 443|0x0000000737600000, 0x0000000737800000, 0x0000000737800000|100%| O|  |TAMS 0x0000000737800000, 0x0000000737600000| Untracked 
| 444|0x0000000737800000, 0x0000000737a00000, 0x0000000737a00000|100%| O|  |TAMS 0x0000000737a00000, 0x0000000737800000| Untracked 
| 445|0x0000000737a00000, 0x0000000737c00000, 0x0000000737c00000|100%| O|  |TAMS 0x0000000737c00000, 0x0000000737a00000| Untracked 
| 446|0x0000000737c00000, 0x0000000737e00000, 0x0000000737e00000|100%| O|  |TAMS 0x0000000737e00000, 0x0000000737c00000| Untracked 
| 447|0x0000000737e00000, 0x0000000738000000, 0x0000000738000000|100%| O|  |TAMS 0x0000000738000000, 0x0000000737e00000| Untracked 
| 448|0x0000000738000000, 0x0000000738200000, 0x0000000738200000|100%| O|  |TAMS 0x0000000738200000, 0x0000000738000000| Untracked 
| 449|0x0000000738200000, 0x0000000738400000, 0x0000000738400000|100%| O|  |TAMS 0x0000000738400000, 0x0000000738200000| Untracked 
| 450|0x0000000738400000, 0x0000000738600000, 0x0000000738600000|100%| O|  |TAMS 0x0000000738600000, 0x0000000738400000| Untracked 
| 451|0x0000000738600000, 0x0000000738800000, 0x0000000738800000|100%| O|  |TAMS 0x0000000738800000, 0x0000000738600000| Untracked 
| 452|0x0000000738800000, 0x0000000738a00000, 0x0000000738a00000|100%| O|  |TAMS 0x0000000738a00000, 0x0000000738800000| Untracked 
| 453|0x0000000738a00000, 0x0000000738c00000, 0x0000000738c00000|100%| O|  |TAMS 0x0000000738c00000, 0x0000000738a00000| Untracked 
| 454|0x0000000738c00000, 0x0000000738e00000, 0x0000000738e00000|100%| O|  |TAMS 0x0000000738e00000, 0x0000000738c00000| Untracked 
| 455|0x0000000738e00000, 0x0000000739000000, 0x0000000739000000|100%| O|  |TAMS 0x0000000739000000, 0x0000000738e00000| Untracked 
| 456|0x0000000739000000, 0x0000000739200000, 0x0000000739200000|100%| O|  |TAMS 0x0000000739200000, 0x0000000739000000| Untracked 
| 457|0x0000000739200000, 0x0000000739400000, 0x0000000739400000|100%| O|  |TAMS 0x0000000739400000, 0x0000000739200000| Untracked 
| 458|0x0000000739400000, 0x0000000739600000, 0x0000000739600000|100%| O|  |TAMS 0x0000000739600000, 0x0000000739400000| Untracked 
| 459|0x0000000739600000, 0x0000000739800000, 0x0000000739800000|100%| O|  |TAMS 0x0000000739800000, 0x0000000739600000| Untracked 
| 460|0x0000000739800000, 0x0000000739a00000, 0x0000000739a00000|100%| O|  |TAMS 0x0000000739a00000, 0x0000000739800000| Untracked 
| 461|0x0000000739a00000, 0x0000000739c00000, 0x0000000739c00000|100%| O|  |TAMS 0x0000000739c00000, 0x0000000739a00000| Untracked 
| 462|0x0000000739c00000, 0x0000000739e00000, 0x0000000739e00000|100%| O|  |TAMS 0x0000000739e00000, 0x0000000739c00000| Untracked 
| 463|0x0000000739e00000, 0x000000073a000000, 0x000000073a000000|100%| O|  |TAMS 0x000000073a000000, 0x0000000739e00000| Untracked 
| 464|0x000000073a000000, 0x000000073a200000, 0x000000073a200000|100%| O|  |TAMS 0x000000073a200000, 0x000000073a000000| Untracked 
| 465|0x000000073a200000, 0x000000073a400000, 0x000000073a400000|100%| O|  |TAMS 0x000000073a400000, 0x000000073a200000| Untracked 
| 466|0x000000073a400000, 0x000000073a600000, 0x000000073a600000|100%| O|  |TAMS 0x000000073a600000, 0x000000073a400000| Untracked 
| 467|0x000000073a600000, 0x000000073a800000, 0x000000073a800000|100%| O|  |TAMS 0x000000073a800000, 0x000000073a600000| Untracked 
| 468|0x000000073a800000, 0x000000073aa00000, 0x000000073aa00000|100%| O|  |TAMS 0x000000073aa00000, 0x000000073a800000| Untracked 
| 469|0x000000073aa00000, 0x000000073ac00000, 0x000000073ac00000|100%| O|  |TAMS 0x000000073ac00000, 0x000000073aa00000| Untracked 
| 470|0x000000073ac00000, 0x000000073ae00000, 0x000000073ae00000|100%| O|  |TAMS 0x000000073ae00000, 0x000000073ac00000| Untracked 
| 471|0x000000073ae00000, 0x000000073b000000, 0x000000073b000000|100%| O|  |TAMS 0x000000073b000000, 0x000000073ae00000| Untracked 
| 472|0x000000073b000000, 0x000000073b200000, 0x000000073b200000|100%| O|  |TAMS 0x000000073b200000, 0x000000073b000000| Untracked 
| 473|0x000000073b200000, 0x000000073b400000, 0x000000073b400000|100%| O|  |TAMS 0x000000073b400000, 0x000000073b200000| Untracked 
| 474|0x000000073b400000, 0x000000073b600000, 0x000000073b600000|100%| O|  |TAMS 0x000000073b600000, 0x000000073b400000| Untracked 
| 475|0x000000073b600000, 0x000000073b800000, 0x000000073b800000|100%| O|  |TAMS 0x000000073b800000, 0x000000073b600000| Untracked 
| 476|0x000000073b800000, 0x000000073ba00000, 0x000000073ba00000|100%| O|  |TAMS 0x000000073ba00000, 0x000000073b800000| Untracked 
| 477|0x000000073ba00000, 0x000000073bc00000, 0x000000073bc00000|100%| O|  |TAMS 0x000000073bc00000, 0x000000073ba00000| Untracked 
| 478|0x000000073bc00000, 0x000000073be00000, 0x000000073be00000|100%| O|  |TAMS 0x000000073be00000, 0x000000073bc00000| Untracked 
| 479|0x000000073be00000, 0x000000073c000000, 0x000000073c000000|100%| O|  |TAMS 0x000000073c000000, 0x000000073be00000| Untracked 
| 480|0x000000073c000000, 0x000000073c200000, 0x000000073c200000|100%| O|  |TAMS 0x000000073c200000, 0x000000073c000000| Updating 
| 481|0x000000073c200000, 0x000000073c400000, 0x000000073c400000|100%| O|  |TAMS 0x000000073c400000, 0x000000073c200000| Updating 
| 482|0x000000073c400000, 0x000000073c600000, 0x000000073c600000|100%| O|  |TAMS 0x000000073c600000, 0x000000073c400000| Updating 
| 483|0x000000073c600000, 0x000000073c800000, 0x000000073c800000|100%| O|  |TAMS 0x000000073c800000, 0x000000073c600000| Updating 
| 484|0x000000073c800000, 0x000000073c9dca00, 0x000000073ca00000| 93%| O|  |TAMS 0x000000073c9dca00, 0x000000073c800000| Updating 
| 485|0x000000073ca00000, 0x000000073ca00000, 0x000000073cc00000|  0%| F|  |TAMS 0x000000073ca00000, 0x000000073ca00000| Untracked 
| 486|0x000000073cc00000, 0x000000073cc00000, 0x000000073ce00000|  0%| F|  |TAMS 0x000000073cc00000, 0x000000073cc00000| Untracked 
| 487|0x000000073ce00000, 0x000000073ce00000, 0x000000073d000000|  0%| F|  |TAMS 0x000000073ce00000, 0x000000073ce00000| Untracked 
| 488|0x000000073d000000, 0x000000073d000000, 0x000000073d200000|  0%| F|  |TAMS 0x000000073d000000, 0x000000073d000000| Untracked 
| 489|0x000000073d200000, 0x000000073d200000, 0x000000073d400000|  0%| F|  |TAMS 0x000000073d200000, 0x000000073d200000| Untracked 
| 490|0x000000073d400000, 0x000000073d400000, 0x000000073d600000|  0%| F|  |TAMS 0x000000073d400000, 0x000000073d400000| Untracked 
| 491|0x000000073d600000, 0x000000073d600000, 0x000000073d800000|  0%| F|  |TAMS 0x000000073d600000, 0x000000073d600000| Untracked 
| 492|0x000000073d800000, 0x000000073d800000, 0x000000073da00000|  0%| F|  |TAMS 0x000000073d800000, 0x000000073d800000| Untracked 
| 493|0x000000073da00000, 0x000000073da00000, 0x000000073dc00000|  0%| F|  |TAMS 0x000000073da00000, 0x000000073da00000| Untracked 
| 494|0x000000073dc00000, 0x000000073dc00000, 0x000000073de00000|  0%| F|  |TAMS 0x000000073dc00000, 0x000000073dc00000| Untracked 
| 495|0x000000073de00000, 0x000000073de00000, 0x000000073e000000|  0%| F|  |TAMS 0x000000073de00000, 0x000000073de00000| Untracked 
| 496|0x000000073e000000, 0x000000073e000000, 0x000000073e200000|  0%| F|  |TAMS 0x000000073e000000, 0x000000073e000000| Untracked 
| 497|0x000000073e200000, 0x000000073e200000, 0x000000073e400000|  0%| F|  |TAMS 0x000000073e200000, 0x000000073e200000| Untracked 
| 498|0x000000073e400000, 0x000000073e400000, 0x000000073e600000|  0%| F|  |TAMS 0x000000073e400000, 0x000000073e400000| Untracked 
| 499|0x000000073e600000, 0x000000073e600000, 0x000000073e800000|  0%| F|  |TAMS 0x000000073e600000, 0x000000073e600000| Untracked 
| 500|0x000000073e800000, 0x000000073e800000, 0x000000073ea00000|  0%| F|  |TAMS 0x000000073e800000, 0x000000073e800000| Untracked 
| 501|0x000000073ea00000, 0x000000073ea00000, 0x000000073ec00000|  0%| F|  |TAMS 0x000000073ea00000, 0x000000073ea00000| Untracked 
| 502|0x000000073ec00000, 0x000000073ec00000, 0x000000073ee00000|  0%| F|  |TAMS 0x000000073ec00000, 0x000000073ec00000| Untracked 
| 503|0x000000073ee00000, 0x000000073ee00000, 0x000000073f000000|  0%| F|  |TAMS 0x000000073ee00000, 0x000000073ee00000| Untracked 
| 504|0x000000073f000000, 0x000000073f000000, 0x000000073f200000|  0%| F|  |TAMS 0x000000073f000000, 0x000000073f000000| Untracked 
| 505|0x000000073f200000, 0x000000073f200000, 0x000000073f400000|  0%| F|  |TAMS 0x000000073f200000, 0x000000073f200000| Untracked 
| 506|0x000000073f400000, 0x000000073f400000, 0x000000073f600000|  0%| F|  |TAMS 0x000000073f400000, 0x000000073f400000| Untracked 
| 507|0x000000073f600000, 0x000000073f600000, 0x000000073f800000|  0%| F|  |TAMS 0x000000073f600000, 0x000000073f600000| Untracked 
| 508|0x000000073f800000, 0x000000073f800000, 0x000000073fa00000|  0%| F|  |TAMS 0x000000073f800000, 0x000000073f800000| Untracked 
| 509|0x000000073fa00000, 0x000000073fa00000, 0x000000073fc00000|  0%| F|  |TAMS 0x000000073fa00000, 0x000000073fa00000| Untracked 
| 510|0x000000073fc00000, 0x000000073fc00000, 0x000000073fe00000|  0%| F|  |TAMS 0x000000073fc00000, 0x000000073fc00000| Untracked 
| 511|0x000000073fe00000, 0x000000073fe00000, 0x0000000740000000|  0%| F|  |TAMS 0x000000073fe00000, 0x000000073fe00000| Untracked 
| 512|0x0000000740000000, 0x0000000740000000, 0x0000000740200000|  0%| F|  |TAMS 0x0000000740000000, 0x0000000740000000| Untracked 
| 513|0x0000000740200000, 0x0000000740200000, 0x0000000740400000|  0%| F|  |TAMS 0x0000000740200000, 0x0000000740200000| Untracked 
| 514|0x0000000740400000, 0x0000000740400000, 0x0000000740600000|  0%| F|  |TAMS 0x0000000740400000, 0x0000000740400000| Untracked 
| 515|0x0000000740600000, 0x0000000740600000, 0x0000000740800000|  0%| F|  |TAMS 0x0000000740600000, 0x0000000740600000| Untracked 
| 516|0x0000000740800000, 0x0000000740800000, 0x0000000740a00000|  0%| F|  |TAMS 0x0000000740800000, 0x0000000740800000| Untracked 
| 517|0x0000000740a00000, 0x0000000740a00000, 0x0000000740c00000|  0%| F|  |TAMS 0x0000000740a00000, 0x0000000740a00000| Untracked 
| 518|0x0000000740c00000, 0x0000000740c00000, 0x0000000740e00000|  0%| F|  |TAMS 0x0000000740c00000, 0x0000000740c00000| Untracked 
| 519|0x0000000740e00000, 0x0000000740e00000, 0x0000000741000000|  0%| F|  |TAMS 0x0000000740e00000, 0x0000000740e00000| Untracked 
| 520|0x0000000741000000, 0x0000000741000000, 0x0000000741200000|  0%| F|  |TAMS 0x0000000741000000, 0x0000000741000000| Untracked 
| 521|0x0000000741200000, 0x0000000741200000, 0x0000000741400000|  0%| F|  |TAMS 0x0000000741200000, 0x0000000741200000| Untracked 
| 522|0x0000000741400000, 0x0000000741400000, 0x0000000741600000|  0%| F|  |TAMS 0x0000000741400000, 0x0000000741400000| Untracked 
| 523|0x0000000741600000, 0x0000000741600000, 0x0000000741800000|  0%| F|  |TAMS 0x0000000741600000, 0x0000000741600000| Untracked 
| 524|0x0000000741800000, 0x0000000741800000, 0x0000000741a00000|  0%| F|  |TAMS 0x0000000741800000, 0x0000000741800000| Untracked 
| 525|0x0000000741a00000, 0x0000000741a00000, 0x0000000741c00000|  0%| F|  |TAMS 0x0000000741a00000, 0x0000000741a00000| Untracked 
| 526|0x0000000741c00000, 0x0000000741c00000, 0x0000000741e00000|  0%| F|  |TAMS 0x0000000741c00000, 0x0000000741c00000| Untracked 
| 527|0x0000000741e00000, 0x0000000741e00000, 0x0000000742000000|  0%| F|  |TAMS 0x0000000741e00000, 0x0000000741e00000| Untracked 
| 528|0x0000000742000000, 0x0000000742000000, 0x0000000742200000|  0%| F|  |TAMS 0x0000000742000000, 0x0000000742000000| Untracked 
| 529|0x0000000742200000, 0x0000000742200000, 0x0000000742400000|  0%| F|  |TAMS 0x0000000742200000, 0x0000000742200000| Untracked 
| 530|0x0000000742400000, 0x0000000742400000, 0x0000000742600000|  0%| F|  |TAMS 0x0000000742400000, 0x0000000742400000| Untracked 
| 531|0x0000000742600000, 0x0000000742600000, 0x0000000742800000|  0%| F|  |TAMS 0x0000000742600000, 0x0000000742600000| Untracked 
| 532|0x0000000742800000, 0x0000000742800000, 0x0000000742a00000|  0%| F|  |TAMS 0x0000000742800000, 0x0000000742800000| Untracked 
| 533|0x0000000742a00000, 0x0000000742a00000, 0x0000000742c00000|  0%| F|  |TAMS 0x0000000742a00000, 0x0000000742a00000| Untracked 
| 534|0x0000000742c00000, 0x0000000742c00000, 0x0000000742e00000|  0%| F|  |TAMS 0x0000000742c00000, 0x0000000742c00000| Untracked 
| 535|0x0000000742e00000, 0x0000000742e00000, 0x0000000743000000|  0%| F|  |TAMS 0x0000000742e00000, 0x0000000742e00000| Untracked 
| 536|0x0000000743000000, 0x0000000743000000, 0x0000000743200000|  0%| F|  |TAMS 0x0000000743000000, 0x0000000743000000| Untracked 
| 537|0x0000000743200000, 0x0000000743200000, 0x0000000743400000|  0%| F|  |TAMS 0x0000000743200000, 0x0000000743200000| Untracked 
| 538|0x0000000743400000, 0x0000000743400000, 0x0000000743600000|  0%| F|  |TAMS 0x0000000743400000, 0x0000000743400000| Untracked 
| 539|0x0000000743600000, 0x0000000743600000, 0x0000000743800000|  0%| F|  |TAMS 0x0000000743600000, 0x0000000743600000| Untracked 
| 540|0x0000000743800000, 0x0000000743800000, 0x0000000743a00000|  0%| F|  |TAMS 0x0000000743800000, 0x0000000743800000| Untracked 
| 541|0x0000000743a00000, 0x0000000743a00000, 0x0000000743c00000|  0%| F|  |TAMS 0x0000000743a00000, 0x0000000743a00000| Untracked 
| 542|0x0000000743c00000, 0x0000000743c00000, 0x0000000743e00000|  0%| F|  |TAMS 0x0000000743c00000, 0x0000000743c00000| Untracked 
| 543|0x0000000743e00000, 0x0000000743e00000, 0x0000000744000000|  0%| F|  |TAMS 0x0000000743e00000, 0x0000000743e00000| Untracked 
| 544|0x0000000744000000, 0x0000000744000000, 0x0000000744200000|  0%| F|  |TAMS 0x0000000744000000, 0x0000000744000000| Untracked 
| 545|0x0000000744200000, 0x0000000744200000, 0x0000000744400000|  0%| F|  |TAMS 0x0000000744200000, 0x0000000744200000| Untracked 
| 546|0x0000000744400000, 0x0000000744400000, 0x0000000744600000|  0%| F|  |TAMS 0x0000000744400000, 0x0000000744400000| Untracked 
| 547|0x0000000744600000, 0x0000000744600000, 0x0000000744800000|  0%| F|  |TAMS 0x0000000744600000, 0x0000000744600000| Untracked 
| 548|0x0000000744800000, 0x0000000744800000, 0x0000000744a00000|  0%| F|  |TAMS 0x0000000744800000, 0x0000000744800000| Untracked 
| 549|0x0000000744a00000, 0x0000000744a00000, 0x0000000744c00000|  0%| F|  |TAMS 0x0000000744a00000, 0x0000000744a00000| Untracked 
| 550|0x0000000744c00000, 0x0000000744c00000, 0x0000000744e00000|  0%| F|  |TAMS 0x0000000744c00000, 0x0000000744c00000| Untracked 
| 551|0x0000000744e00000, 0x0000000744e00000, 0x0000000745000000|  0%| F|  |TAMS 0x0000000744e00000, 0x0000000744e00000| Untracked 
| 552|0x0000000745000000, 0x0000000745000000, 0x0000000745200000|  0%| F|  |TAMS 0x0000000745000000, 0x0000000745000000| Untracked 
| 553|0x0000000745200000, 0x0000000745200000, 0x0000000745400000|  0%| F|  |TAMS 0x0000000745200000, 0x0000000745200000| Untracked 
| 554|0x0000000745400000, 0x0000000745400000, 0x0000000745600000|  0%| F|  |TAMS 0x0000000745400000, 0x0000000745400000| Untracked 
| 555|0x0000000745600000, 0x0000000745600000, 0x0000000745800000|  0%| F|  |TAMS 0x0000000745600000, 0x0000000745600000| Untracked 
| 556|0x0000000745800000, 0x0000000745800000, 0x0000000745a00000|  0%| F|  |TAMS 0x0000000745800000, 0x0000000745800000| Untracked 
| 557|0x0000000745a00000, 0x0000000745a00000, 0x0000000745c00000|  0%| F|  |TAMS 0x0000000745a00000, 0x0000000745a00000| Untracked 
| 558|0x0000000745c00000, 0x0000000745c00000, 0x0000000745e00000|  0%| F|  |TAMS 0x0000000745c00000, 0x0000000745c00000| Untracked 
| 559|0x0000000745e00000, 0x0000000745e00000, 0x0000000746000000|  0%| F|  |TAMS 0x0000000745e00000, 0x0000000745e00000| Untracked 
| 560|0x0000000746000000, 0x0000000746000000, 0x0000000746200000|  0%| F|  |TAMS 0x0000000746000000, 0x0000000746000000| Untracked 
| 561|0x0000000746200000, 0x0000000746200000, 0x0000000746400000|  0%| F|  |TAMS 0x0000000746200000, 0x0000000746200000| Untracked 
| 562|0x0000000746400000, 0x0000000746400000, 0x0000000746600000|  0%| F|  |TAMS 0x0000000746400000, 0x0000000746400000| Untracked 
| 563|0x0000000746600000, 0x0000000746600000, 0x0000000746800000|  0%| F|  |TAMS 0x0000000746600000, 0x0000000746600000| Untracked 
| 564|0x0000000746800000, 0x0000000746800000, 0x0000000746a00000|  0%| F|  |TAMS 0x0000000746800000, 0x0000000746800000| Untracked 
| 565|0x0000000746a00000, 0x0000000746a00000, 0x0000000746c00000|  0%| F|  |TAMS 0x0000000746a00000, 0x0000000746a00000| Untracked 
| 566|0x0000000746c00000, 0x0000000746c00000, 0x0000000746e00000|  0%| F|  |TAMS 0x0000000746c00000, 0x0000000746c00000| Untracked 
| 567|0x0000000746e00000, 0x0000000746e00000, 0x0000000747000000|  0%| F|  |TAMS 0x0000000746e00000, 0x0000000746e00000| Untracked 
| 568|0x0000000747000000, 0x0000000747000000, 0x0000000747200000|  0%| F|  |TAMS 0x0000000747000000, 0x0000000747000000| Untracked 
| 569|0x0000000747200000, 0x0000000747200000, 0x0000000747400000|  0%| F|  |TAMS 0x0000000747200000, 0x0000000747200000| Untracked 
| 570|0x0000000747400000, 0x0000000747400000, 0x0000000747600000|  0%| F|  |TAMS 0x0000000747400000, 0x0000000747400000| Untracked 
| 571|0x0000000747600000, 0x0000000747600000, 0x0000000747800000|  0%| F|  |TAMS 0x0000000747600000, 0x0000000747600000| Untracked 
| 572|0x0000000747800000, 0x0000000747800000, 0x0000000747a00000|  0%| F|  |TAMS 0x0000000747800000, 0x0000000747800000| Untracked 
| 573|0x0000000747a00000, 0x0000000747a00000, 0x0000000747c00000|  0%| F|  |TAMS 0x0000000747a00000, 0x0000000747a00000| Untracked 
| 574|0x0000000747c00000, 0x0000000747c00000, 0x0000000747e00000|  0%| F|  |TAMS 0x0000000747c00000, 0x0000000747c00000| Untracked 
| 575|0x0000000747e00000, 0x0000000747e00000, 0x0000000748000000|  0%| F|  |TAMS 0x0000000747e00000, 0x0000000747e00000| Untracked 
| 576|0x0000000748000000, 0x0000000748195c00, 0x0000000748200000| 79%| S|CS|TAMS 0x0000000748000000, 0x0000000748000000| Complete 
| 577|0x0000000748200000, 0x0000000748400000, 0x0000000748400000|100%| S|CS|TAMS 0x0000000748200000, 0x0000000748200000| Complete 
| 578|0x0000000748400000, 0x0000000748600000, 0x0000000748600000|100%| S|CS|TAMS 0x0000000748400000, 0x0000000748400000| Complete 
| 579|0x0000000748600000, 0x0000000748800000, 0x0000000748800000|100%| S|CS|TAMS 0x0000000748600000, 0x0000000748600000| Complete 
| 580|0x0000000748800000, 0x0000000748a00000, 0x0000000748a00000|100%| S|CS|TAMS 0x0000000748800000, 0x0000000748800000| Complete 
| 581|0x0000000748a00000, 0x0000000748c00000, 0x0000000748c00000|100%| S|CS|TAMS 0x0000000748a00000, 0x0000000748a00000| Complete 
| 582|0x0000000748c00000, 0x0000000748e00000, 0x0000000748e00000|100%| S|CS|TAMS 0x0000000748c00000, 0x0000000748c00000| Complete 
| 583|0x0000000748e00000, 0x0000000749000000, 0x0000000749000000|100%| S|CS|TAMS 0x0000000748e00000, 0x0000000748e00000| Complete 
| 584|0x0000000749000000, 0x0000000749200000, 0x0000000749200000|100%| S|CS|TAMS 0x0000000749000000, 0x0000000749000000| Complete 
| 585|0x0000000749200000, 0x0000000749400000, 0x0000000749400000|100%| S|CS|TAMS 0x0000000749200000, 0x0000000749200000| Complete 
| 586|0x0000000749400000, 0x0000000749600000, 0x0000000749600000|100%| S|CS|TAMS 0x0000000749400000, 0x0000000749400000| Complete 
| 587|0x0000000749600000, 0x0000000749800000, 0x0000000749800000|100%| S|CS|TAMS 0x0000000749600000, 0x0000000749600000| Complete 
| 588|0x0000000749800000, 0x0000000749a00000, 0x0000000749a00000|100%| S|CS|TAMS 0x0000000749800000, 0x0000000749800000| Complete 
| 589|0x0000000749a00000, 0x0000000749c00000, 0x0000000749c00000|100%| S|CS|TAMS 0x0000000749a00000, 0x0000000749a00000| Complete 
| 590|0x0000000749c00000, 0x0000000749e00000, 0x0000000749e00000|100%| S|CS|TAMS 0x0000000749c00000, 0x0000000749c00000| Complete 
| 591|0x0000000749e00000, 0x000000074a000000, 0x000000074a000000|100%| S|CS|TAMS 0x0000000749e00000, 0x0000000749e00000| Complete 
| 592|0x000000074a000000, 0x000000074a200000, 0x000000074a200000|100%| S|CS|TAMS 0x000000074a000000, 0x000000074a000000| Complete 
| 593|0x000000074a200000, 0x000000074a400000, 0x000000074a400000|100%| S|CS|TAMS 0x000000074a200000, 0x000000074a200000| Complete 
| 594|0x000000074a400000, 0x000000074a600000, 0x000000074a600000|100%| S|CS|TAMS 0x000000074a400000, 0x000000074a400000| Complete 
| 595|0x000000074a600000, 0x000000074a800000, 0x000000074a800000|100%| S|CS|TAMS 0x000000074a600000, 0x000000074a600000| Complete 
| 596|0x000000074a800000, 0x000000074aa00000, 0x000000074aa00000|100%| S|CS|TAMS 0x000000074a800000, 0x000000074a800000| Complete 
| 597|0x000000074aa00000, 0x000000074aa00000, 0x000000074ac00000|  0%| F|  |TAMS 0x000000074aa00000, 0x000000074aa00000| Untracked 
| 598|0x000000074ac00000, 0x000000074ac00000, 0x000000074ae00000|  0%| F|  |TAMS 0x000000074ac00000, 0x000000074ac00000| Untracked 
| 599|0x000000074ae00000, 0x000000074ae00000, 0x000000074b000000|  0%| F|  |TAMS 0x000000074ae00000, 0x000000074ae00000| Untracked 
| 600|0x000000074b000000, 0x000000074b000000, 0x000000074b200000|  0%| F|  |TAMS 0x000000074b000000, 0x000000074b000000| Untracked 
| 601|0x000000074b200000, 0x000000074b200000, 0x000000074b400000|  0%| F|  |TAMS 0x000000074b200000, 0x000000074b200000| Untracked 
| 602|0x000000074b400000, 0x000000074b400000, 0x000000074b600000|  0%| F|  |TAMS 0x000000074b400000, 0x000000074b400000| Untracked 
| 603|0x000000074b600000, 0x000000074b600000, 0x000000074b800000|  0%| F|  |TAMS 0x000000074b600000, 0x000000074b600000| Untracked 
| 604|0x000000074b800000, 0x000000074b800000, 0x000000074ba00000|  0%| F|  |TAMS 0x000000074b800000, 0x000000074b800000| Untracked 
| 605|0x000000074ba00000, 0x000000074ba00000, 0x000000074bc00000|  0%| F|  |TAMS 0x000000074ba00000, 0x000000074ba00000| Untracked 
| 606|0x000000074bc00000, 0x000000074bc00000, 0x000000074be00000|  0%| F|  |TAMS 0x000000074bc00000, 0x000000074bc00000| Untracked 
| 607|0x000000074be00000, 0x000000074be00000, 0x000000074c000000|  0%| F|  |TAMS 0x000000074be00000, 0x000000074be00000| Untracked 
| 608|0x000000074c000000, 0x000000074c000000, 0x000000074c200000|  0%| F|  |TAMS 0x000000074c000000, 0x000000074c000000| Untracked 
| 609|0x000000074c200000, 0x000000074c200000, 0x000000074c400000|  0%| F|  |TAMS 0x000000074c200000, 0x000000074c200000| Untracked 
| 610|0x000000074c400000, 0x000000074c400000, 0x000000074c600000|  0%| F|  |TAMS 0x000000074c400000, 0x000000074c400000| Untracked 
| 611|0x000000074c600000, 0x000000074c600000, 0x000000074c800000|  0%| F|  |TAMS 0x000000074c600000, 0x000000074c600000| Untracked 
| 612|0x000000074c800000, 0x000000074ca00000, 0x000000074ca00000|100%| E|  |TAMS 0x000000074c800000, 0x000000074c800000| Complete 
| 613|0x000000074ca00000, 0x000000074cc00000, 0x000000074cc00000|100%| E|CS|TAMS 0x000000074ca00000, 0x000000074ca00000| Complete 
| 614|0x000000074cc00000, 0x000000074ce00000, 0x000000074ce00000|100%| E|CS|TAMS 0x000000074cc00000, 0x000000074cc00000| Complete 
| 615|0x000000074ce00000, 0x000000074d000000, 0x000000074d000000|100%| E|CS|TAMS 0x000000074ce00000, 0x000000074ce00000| Complete 
| 616|0x000000074d000000, 0x000000074d200000, 0x000000074d200000|100%| E|CS|TAMS 0x000000074d000000, 0x000000074d000000| Complete 
| 617|0x000000074d200000, 0x000000074d400000, 0x000000074d400000|100%| E|CS|TAMS 0x000000074d200000, 0x000000074d200000| Complete 
| 618|0x000000074d400000, 0x000000074d600000, 0x000000074d600000|100%| E|CS|TAMS 0x000000074d400000, 0x000000074d400000| Complete 
| 619|0x000000074d600000, 0x000000074d800000, 0x000000074d800000|100%| E|CS|TAMS 0x000000074d600000, 0x000000074d600000| Complete 
| 620|0x000000074d800000, 0x000000074da00000, 0x000000074da00000|100%| E|CS|TAMS 0x000000074d800000, 0x000000074d800000| Complete 
| 621|0x000000074da00000, 0x000000074dc00000, 0x000000074dc00000|100%| E|CS|TAMS 0x000000074da00000, 0x000000074da00000| Complete 
| 622|0x000000074dc00000, 0x000000074de00000, 0x000000074de00000|100%| E|CS|TAMS 0x000000074dc00000, 0x000000074dc00000| Complete 
| 623|0x000000074de00000, 0x000000074e000000, 0x000000074e000000|100%| E|CS|TAMS 0x000000074de00000, 0x000000074de00000| Complete 
| 624|0x000000074e000000, 0x000000074e200000, 0x000000074e200000|100%| E|CS|TAMS 0x000000074e000000, 0x000000074e000000| Complete 
| 625|0x000000074e200000, 0x000000074e400000, 0x000000074e400000|100%| E|CS|TAMS 0x000000074e200000, 0x000000074e200000| Complete 
| 626|0x000000074e400000, 0x000000074e600000, 0x000000074e600000|100%| E|CS|TAMS 0x000000074e400000, 0x000000074e400000| Complete 
| 627|0x000000074e600000, 0x000000074e800000, 0x000000074e800000|100%| E|CS|TAMS 0x000000074e600000, 0x000000074e600000| Complete 
| 628|0x000000074e800000, 0x000000074ea00000, 0x000000074ea00000|100%| E|CS|TAMS 0x000000074e800000, 0x000000074e800000| Complete 
| 629|0x000000074ea00000, 0x000000074ec00000, 0x000000074ec00000|100%| E|CS|TAMS 0x000000074ea00000, 0x000000074ea00000| Complete 
| 630|0x000000074ec00000, 0x000000074ee00000, 0x000000074ee00000|100%| E|CS|TAMS 0x000000074ec00000, 0x000000074ec00000| Complete 
| 631|0x000000074ee00000, 0x000000074f000000, 0x000000074f000000|100%| E|CS|TAMS 0x000000074ee00000, 0x000000074ee00000| Complete 
| 632|0x000000074f000000, 0x000000074f200000, 0x000000074f200000|100%| E|CS|TAMS 0x000000074f000000, 0x000000074f000000| Complete 
| 633|0x000000074f200000, 0x000000074f400000, 0x000000074f400000|100%| E|CS|TAMS 0x000000074f200000, 0x000000074f200000| Complete 
| 634|0x000000074f400000, 0x000000074f600000, 0x000000074f600000|100%| E|CS|TAMS 0x000000074f400000, 0x000000074f400000| Complete 
| 635|0x000000074f600000, 0x000000074f800000, 0x000000074f800000|100%| E|CS|TAMS 0x000000074f600000, 0x000000074f600000| Complete 
| 636|0x000000074f800000, 0x000000074fa00000, 0x000000074fa00000|100%| E|CS|TAMS 0x000000074f800000, 0x000000074f800000| Complete 
| 637|0x000000074fa00000, 0x000000074fc00000, 0x000000074fc00000|100%| E|CS|TAMS 0x000000074fa00000, 0x000000074fa00000| Complete 
| 638|0x000000074fc00000, 0x000000074fe00000, 0x000000074fe00000|100%| E|CS|TAMS 0x000000074fc00000, 0x000000074fc00000| Complete 
| 639|0x000000074fe00000, 0x0000000750000000, 0x0000000750000000|100%| E|CS|TAMS 0x000000074fe00000, 0x000000074fe00000| Complete 
| 640|0x0000000750000000, 0x0000000750200000, 0x0000000750200000|100%| E|CS|TAMS 0x0000000750000000, 0x0000000750000000| Complete 
| 641|0x0000000750200000, 0x0000000750400000, 0x0000000750400000|100%| E|CS|TAMS 0x0000000750200000, 0x0000000750200000| Complete 
| 642|0x0000000750400000, 0x0000000750600000, 0x0000000750600000|100%| E|CS|TAMS 0x0000000750400000, 0x0000000750400000| Complete 
| 643|0x0000000750600000, 0x0000000750800000, 0x0000000750800000|100%| E|CS|TAMS 0x0000000750600000, 0x0000000750600000| Complete 
| 644|0x0000000750800000, 0x0000000750a00000, 0x0000000750a00000|100%| E|CS|TAMS 0x0000000750800000, 0x0000000750800000| Complete 
| 645|0x0000000750a00000, 0x0000000750c00000, 0x0000000750c00000|100%| E|CS|TAMS 0x0000000750a00000, 0x0000000750a00000| Complete 
| 646|0x0000000750c00000, 0x0000000750e00000, 0x0000000750e00000|100%| E|CS|TAMS 0x0000000750c00000, 0x0000000750c00000| Complete 
| 647|0x0000000750e00000, 0x0000000751000000, 0x0000000751000000|100%| E|CS|TAMS 0x0000000750e00000, 0x0000000750e00000| Complete 
| 648|0x0000000751000000, 0x0000000751200000, 0x0000000751200000|100%| E|CS|TAMS 0x0000000751000000, 0x0000000751000000| Complete 
| 649|0x0000000751200000, 0x0000000751400000, 0x0000000751400000|100%| E|CS|TAMS 0x0000000751200000, 0x0000000751200000| Complete 
| 650|0x0000000751400000, 0x0000000751600000, 0x0000000751600000|100%| E|CS|TAMS 0x0000000751400000, 0x0000000751400000| Complete 
| 651|0x0000000751600000, 0x0000000751800000, 0x0000000751800000|100%| E|CS|TAMS 0x0000000751600000, 0x0000000751600000| Complete 
| 652|0x0000000751800000, 0x0000000751a00000, 0x0000000751a00000|100%| E|CS|TAMS 0x0000000751800000, 0x0000000751800000| Complete 
| 653|0x0000000751a00000, 0x0000000751c00000, 0x0000000751c00000|100%| E|CS|TAMS 0x0000000751a00000, 0x0000000751a00000| Complete 
| 654|0x0000000751c00000, 0x0000000751e00000, 0x0000000751e00000|100%| E|CS|TAMS 0x0000000751c00000, 0x0000000751c00000| Complete 
| 655|0x0000000751e00000, 0x0000000752000000, 0x0000000752000000|100%| E|CS|TAMS 0x0000000751e00000, 0x0000000751e00000| Complete 
| 656|0x0000000752000000, 0x0000000752200000, 0x0000000752200000|100%| E|CS|TAMS 0x0000000752000000, 0x0000000752000000| Complete 
| 657|0x0000000752200000, 0x0000000752400000, 0x0000000752400000|100%| E|CS|TAMS 0x0000000752200000, 0x0000000752200000| Complete 
| 658|0x0000000752400000, 0x0000000752600000, 0x0000000752600000|100%| E|CS|TAMS 0x0000000752400000, 0x0000000752400000| Complete 
| 659|0x0000000752600000, 0x0000000752800000, 0x0000000752800000|100%| E|CS|TAMS 0x0000000752600000, 0x0000000752600000| Complete 
| 660|0x0000000752800000, 0x0000000752a00000, 0x0000000752a00000|100%| E|CS|TAMS 0x0000000752800000, 0x0000000752800000| Complete 
| 661|0x0000000752a00000, 0x0000000752c00000, 0x0000000752c00000|100%| E|CS|TAMS 0x0000000752a00000, 0x0000000752a00000| Complete 
| 662|0x0000000752c00000, 0x0000000752e00000, 0x0000000752e00000|100%| E|CS|TAMS 0x0000000752c00000, 0x0000000752c00000| Complete 
| 663|0x0000000752e00000, 0x0000000753000000, 0x0000000753000000|100%| E|CS|TAMS 0x0000000752e00000, 0x0000000752e00000| Complete 
| 664|0x0000000753000000, 0x0000000753200000, 0x0000000753200000|100%| E|CS|TAMS 0x0000000753000000, 0x0000000753000000| Complete 
| 665|0x0000000753200000, 0x0000000753400000, 0x0000000753400000|100%| E|CS|TAMS 0x0000000753200000, 0x0000000753200000| Complete 
| 666|0x0000000753400000, 0x0000000753600000, 0x0000000753600000|100%| E|CS|TAMS 0x0000000753400000, 0x0000000753400000| Complete 
| 667|0x0000000753600000, 0x0000000753800000, 0x0000000753800000|100%| E|CS|TAMS 0x0000000753600000, 0x0000000753600000| Complete 
| 668|0x0000000753800000, 0x0000000753a00000, 0x0000000753a00000|100%| E|CS|TAMS 0x0000000753800000, 0x0000000753800000| Complete 
| 669|0x0000000753a00000, 0x0000000753c00000, 0x0000000753c00000|100%| E|CS|TAMS 0x0000000753a00000, 0x0000000753a00000| Complete 
| 670|0x0000000753c00000, 0x0000000753e00000, 0x0000000753e00000|100%| E|CS|TAMS 0x0000000753c00000, 0x0000000753c00000| Complete 
| 671|0x0000000753e00000, 0x0000000754000000, 0x0000000754000000|100%| E|CS|TAMS 0x0000000753e00000, 0x0000000753e00000| Complete 
| 672|0x0000000754000000, 0x0000000754200000, 0x0000000754200000|100%| E|CS|TAMS 0x0000000754000000, 0x0000000754000000| Complete 
| 673|0x0000000754200000, 0x0000000754400000, 0x0000000754400000|100%| E|CS|TAMS 0x0000000754200000, 0x0000000754200000| Complete 
| 674|0x0000000754400000, 0x0000000754600000, 0x0000000754600000|100%| E|CS|TAMS 0x0000000754400000, 0x0000000754400000| Complete 
| 675|0x0000000754600000, 0x0000000754800000, 0x0000000754800000|100%| E|CS|TAMS 0x0000000754600000, 0x0000000754600000| Complete 
| 676|0x0000000754800000, 0x0000000754a00000, 0x0000000754a00000|100%| E|CS|TAMS 0x0000000754800000, 0x0000000754800000| Complete 
| 677|0x0000000754a00000, 0x0000000754c00000, 0x0000000754c00000|100%| E|CS|TAMS 0x0000000754a00000, 0x0000000754a00000| Complete 
| 678|0x0000000754c00000, 0x0000000754e00000, 0x0000000754e00000|100%| E|CS|TAMS 0x0000000754c00000, 0x0000000754c00000| Complete 
| 679|0x0000000754e00000, 0x0000000755000000, 0x0000000755000000|100%| E|CS|TAMS 0x0000000754e00000, 0x0000000754e00000| Complete 
| 680|0x0000000755000000, 0x0000000755200000, 0x0000000755200000|100%| E|CS|TAMS 0x0000000755000000, 0x0000000755000000| Complete 
| 681|0x0000000755200000, 0x0000000755400000, 0x0000000755400000|100%| E|CS|TAMS 0x0000000755200000, 0x0000000755200000| Complete 
| 682|0x0000000755400000, 0x0000000755600000, 0x0000000755600000|100%| E|CS|TAMS 0x0000000755400000, 0x0000000755400000| Complete 
| 683|0x0000000755600000, 0x0000000755800000, 0x0000000755800000|100%| E|CS|TAMS 0x0000000755600000, 0x0000000755600000| Complete 
| 684|0x0000000755800000, 0x0000000755a00000, 0x0000000755a00000|100%| E|CS|TAMS 0x0000000755800000, 0x0000000755800000| Complete 
| 685|0x0000000755a00000, 0x0000000755c00000, 0x0000000755c00000|100%| E|CS|TAMS 0x0000000755a00000, 0x0000000755a00000| Complete 
| 686|0x0000000755c00000, 0x0000000755e00000, 0x0000000755e00000|100%| E|CS|TAMS 0x0000000755c00000, 0x0000000755c00000| Complete 
| 687|0x0000000755e00000, 0x0000000756000000, 0x0000000756000000|100%| E|CS|TAMS 0x0000000755e00000, 0x0000000755e00000| Complete 
| 688|0x0000000756000000, 0x0000000756200000, 0x0000000756200000|100%| E|CS|TAMS 0x0000000756000000, 0x0000000756000000| Complete 
| 689|0x0000000756200000, 0x0000000756400000, 0x0000000756400000|100%| E|CS|TAMS 0x0000000756200000, 0x0000000756200000| Complete 
| 690|0x0000000756400000, 0x0000000756600000, 0x0000000756600000|100%| E|CS|TAMS 0x0000000756400000, 0x0000000756400000| Complete 
| 691|0x0000000756600000, 0x0000000756800000, 0x0000000756800000|100%| E|CS|TAMS 0x0000000756600000, 0x0000000756600000| Complete 
| 692|0x0000000756800000, 0x0000000756a00000, 0x0000000756a00000|100%| E|CS|TAMS 0x0000000756800000, 0x0000000756800000| Complete 
| 693|0x0000000756a00000, 0x0000000756c00000, 0x0000000756c00000|100%| E|CS|TAMS 0x0000000756a00000, 0x0000000756a00000| Complete 
| 694|0x0000000756c00000, 0x0000000756e00000, 0x0000000756e00000|100%| E|CS|TAMS 0x0000000756c00000, 0x0000000756c00000| Complete 
| 695|0x0000000756e00000, 0x0000000757000000, 0x0000000757000000|100%| E|CS|TAMS 0x0000000756e00000, 0x0000000756e00000| Complete 
| 696|0x0000000757000000, 0x0000000757200000, 0x0000000757200000|100%| E|CS|TAMS 0x0000000757000000, 0x0000000757000000| Complete 
| 697|0x0000000757200000, 0x0000000757400000, 0x0000000757400000|100%| E|CS|TAMS 0x0000000757200000, 0x0000000757200000| Complete 
| 698|0x0000000757400000, 0x0000000757600000, 0x0000000757600000|100%| E|CS|TAMS 0x0000000757400000, 0x0000000757400000| Complete 
| 699|0x0000000757600000, 0x0000000757800000, 0x0000000757800000|100%| E|CS|TAMS 0x0000000757600000, 0x0000000757600000| Complete 
| 700|0x0000000757800000, 0x0000000757a00000, 0x0000000757a00000|100%| E|CS|TAMS 0x0000000757800000, 0x0000000757800000| Complete 
| 701|0x0000000757a00000, 0x0000000757c00000, 0x0000000757c00000|100%| E|CS|TAMS 0x0000000757a00000, 0x0000000757a00000| Complete 
| 702|0x0000000757c00000, 0x0000000757e00000, 0x0000000757e00000|100%| E|CS|TAMS 0x0000000757c00000, 0x0000000757c00000| Complete 
| 703|0x0000000757e00000, 0x0000000758000000, 0x0000000758000000|100%| E|CS|TAMS 0x0000000757e00000, 0x0000000757e00000| Complete 
| 704|0x0000000758000000, 0x0000000758200000, 0x0000000758200000|100%| E|CS|TAMS 0x0000000758000000, 0x0000000758000000| Complete 
| 705|0x0000000758200000, 0x0000000758400000, 0x0000000758400000|100%| E|CS|TAMS 0x0000000758200000, 0x0000000758200000| Complete 
| 706|0x0000000758400000, 0x0000000758600000, 0x0000000758600000|100%| E|CS|TAMS 0x0000000758400000, 0x0000000758400000| Complete 
| 707|0x0000000758600000, 0x0000000758800000, 0x0000000758800000|100%| E|CS|TAMS 0x0000000758600000, 0x0000000758600000| Complete 
| 708|0x0000000758800000, 0x0000000758a00000, 0x0000000758a00000|100%| E|CS|TAMS 0x0000000758800000, 0x0000000758800000| Complete 
| 709|0x0000000758a00000, 0x0000000758c00000, 0x0000000758c00000|100%| E|CS|TAMS 0x0000000758a00000, 0x0000000758a00000| Complete 
| 710|0x0000000758c00000, 0x0000000758e00000, 0x0000000758e00000|100%| E|CS|TAMS 0x0000000758c00000, 0x0000000758c00000| Complete 
| 711|0x0000000758e00000, 0x0000000759000000, 0x0000000759000000|100%| E|CS|TAMS 0x0000000758e00000, 0x0000000758e00000| Complete 
| 712|0x0000000759000000, 0x0000000759200000, 0x0000000759200000|100%| E|CS|TAMS 0x0000000759000000, 0x0000000759000000| Complete 
| 713|0x0000000759200000, 0x0000000759400000, 0x0000000759400000|100%| E|CS|TAMS 0x0000000759200000, 0x0000000759200000| Complete 
| 714|0x0000000759400000, 0x0000000759600000, 0x0000000759600000|100%| E|CS|TAMS 0x0000000759400000, 0x0000000759400000| Complete 
| 715|0x0000000759600000, 0x0000000759800000, 0x0000000759800000|100%| E|CS|TAMS 0x0000000759600000, 0x0000000759600000| Complete 
| 716|0x0000000759800000, 0x0000000759a00000, 0x0000000759a00000|100%| E|CS|TAMS 0x0000000759800000, 0x0000000759800000| Complete 
| 717|0x0000000759a00000, 0x0000000759c00000, 0x0000000759c00000|100%| E|CS|TAMS 0x0000000759a00000, 0x0000000759a00000| Complete 
| 718|0x0000000759c00000, 0x0000000759e00000, 0x0000000759e00000|100%| E|CS|TAMS 0x0000000759c00000, 0x0000000759c00000| Complete 
| 719|0x0000000759e00000, 0x000000075a000000, 0x000000075a000000|100%| E|CS|TAMS 0x0000000759e00000, 0x0000000759e00000| Complete 
| 720|0x000000075a000000, 0x000000075a200000, 0x000000075a200000|100%| E|CS|TAMS 0x000000075a000000, 0x000000075a000000| Complete 
| 721|0x000000075a200000, 0x000000075a400000, 0x000000075a400000|100%| E|CS|TAMS 0x000000075a200000, 0x000000075a200000| Complete 
| 722|0x000000075a400000, 0x000000075a600000, 0x000000075a600000|100%| E|CS|TAMS 0x000000075a400000, 0x000000075a400000| Complete 
| 723|0x000000075a600000, 0x000000075a800000, 0x000000075a800000|100%| E|CS|TAMS 0x000000075a600000, 0x000000075a600000| Complete 
| 724|0x000000075a800000, 0x000000075aa00000, 0x000000075aa00000|100%| E|CS|TAMS 0x000000075a800000, 0x000000075a800000| Complete 
| 725|0x000000075aa00000, 0x000000075ac00000, 0x000000075ac00000|100%| E|CS|TAMS 0x000000075aa00000, 0x000000075aa00000| Complete 
| 726|0x000000075ac00000, 0x000000075ae00000, 0x000000075ae00000|100%| E|CS|TAMS 0x000000075ac00000, 0x000000075ac00000| Complete 
| 727|0x000000075ae00000, 0x000000075b000000, 0x000000075b000000|100%| E|CS|TAMS 0x000000075ae00000, 0x000000075ae00000| Complete 
| 728|0x000000075b000000, 0x000000075b200000, 0x000000075b200000|100%| E|CS|TAMS 0x000000075b000000, 0x000000075b000000| Complete 
| 729|0x000000075b200000, 0x000000075b400000, 0x000000075b400000|100%| E|CS|TAMS 0x000000075b200000, 0x000000075b200000| Complete 
| 730|0x000000075b400000, 0x000000075b600000, 0x000000075b600000|100%| E|CS|TAMS 0x000000075b400000, 0x000000075b400000| Complete 
| 731|0x000000075b600000, 0x000000075b800000, 0x000000075b800000|100%| E|CS|TAMS 0x000000075b600000, 0x000000075b600000| Complete 
| 732|0x000000075b800000, 0x000000075ba00000, 0x000000075ba00000|100%| E|CS|TAMS 0x000000075b800000, 0x000000075b800000| Complete 
| 733|0x000000075ba00000, 0x000000075bc00000, 0x000000075bc00000|100%| E|CS|TAMS 0x000000075ba00000, 0x000000075ba00000| Complete 
| 734|0x000000075bc00000, 0x000000075be00000, 0x000000075be00000|100%| E|CS|TAMS 0x000000075bc00000, 0x000000075bc00000| Complete 
| 735|0x000000075be00000, 0x000000075c000000, 0x000000075c000000|100%| E|  |TAMS 0x000000075be00000, 0x000000075be00000| Complete 
| 736|0x000000075c000000, 0x000000075c200000, 0x000000075c200000|100%| E|CS|TAMS 0x000000075c000000, 0x000000075c000000| Complete 
| 737|0x000000075c200000, 0x000000075c400000, 0x000000075c400000|100%| E|CS|TAMS 0x000000075c200000, 0x000000075c200000| Complete 
| 738|0x000000075c400000, 0x000000075c600000, 0x000000075c600000|100%| E|CS|TAMS 0x000000075c400000, 0x000000075c400000| Complete 
| 739|0x000000075c600000, 0x000000075c800000, 0x000000075c800000|100%| E|CS|TAMS 0x000000075c600000, 0x000000075c600000| Complete 
| 740|0x000000075c800000, 0x000000075ca00000, 0x000000075ca00000|100%| E|CS|TAMS 0x000000075c800000, 0x000000075c800000| Complete 
| 741|0x000000075ca00000, 0x000000075cc00000, 0x000000075cc00000|100%| E|CS|TAMS 0x000000075ca00000, 0x000000075ca00000| Complete 
| 742|0x000000075cc00000, 0x000000075ce00000, 0x000000075ce00000|100%| E|CS|TAMS 0x000000075cc00000, 0x000000075cc00000| Complete 
| 743|0x000000075ce00000, 0x000000075d000000, 0x000000075d000000|100%| E|CS|TAMS 0x000000075ce00000, 0x000000075ce00000| Complete 
| 744|0x000000075d000000, 0x000000075d200000, 0x000000075d200000|100%| E|CS|TAMS 0x000000075d000000, 0x000000075d000000| Complete 
| 745|0x000000075d200000, 0x000000075d400000, 0x000000075d400000|100%| E|CS|TAMS 0x000000075d200000, 0x000000075d200000| Complete 
| 746|0x000000075d400000, 0x000000075d600000, 0x000000075d600000|100%| E|CS|TAMS 0x000000075d400000, 0x000000075d400000| Complete 
| 747|0x000000075d600000, 0x000000075d800000, 0x000000075d800000|100%| E|CS|TAMS 0x000000075d600000, 0x000000075d600000| Complete 
| 748|0x000000075d800000, 0x000000075da00000, 0x000000075da00000|100%| E|CS|TAMS 0x000000075d800000, 0x000000075d800000| Complete 
| 749|0x000000075da00000, 0x000000075dc00000, 0x000000075dc00000|100%| E|CS|TAMS 0x000000075da00000, 0x000000075da00000| Complete 
| 750|0x000000075dc00000, 0x000000075de00000, 0x000000075de00000|100%| E|CS|TAMS 0x000000075dc00000, 0x000000075dc00000| Complete 
| 751|0x000000075de00000, 0x000000075e000000, 0x000000075e000000|100%| E|CS|TAMS 0x000000075de00000, 0x000000075de00000| Complete 
| 752|0x000000075e000000, 0x000000075e200000, 0x000000075e200000|100%| E|CS|TAMS 0x000000075e000000, 0x000000075e000000| Complete 
| 753|0x000000075e200000, 0x000000075e400000, 0x000000075e400000|100%| E|CS|TAMS 0x000000075e200000, 0x000000075e200000| Complete 
| 754|0x000000075e400000, 0x000000075e600000, 0x000000075e600000|100%| E|CS|TAMS 0x000000075e400000, 0x000000075e400000| Complete 
| 755|0x000000075e600000, 0x000000075e800000, 0x000000075e800000|100%| E|CS|TAMS 0x000000075e600000, 0x000000075e600000| Complete 
| 756|0x000000075e800000, 0x000000075ea00000, 0x000000075ea00000|100%| E|CS|TAMS 0x000000075e800000, 0x000000075e800000| Complete 
| 757|0x000000075ea00000, 0x000000075ec00000, 0x000000075ec00000|100%| E|CS|TAMS 0x000000075ea00000, 0x000000075ea00000| Complete 
| 758|0x000000075ec00000, 0x000000075ee00000, 0x000000075ee00000|100%| E|CS|TAMS 0x000000075ec00000, 0x000000075ec00000| Complete 
| 759|0x000000075ee00000, 0x000000075f000000, 0x000000075f000000|100%| E|CS|TAMS 0x000000075ee00000, 0x000000075ee00000| Complete 
| 760|0x000000075f000000, 0x000000075f000000, 0x000000075f200000|  0%| F|  |TAMS 0x000000075f000000, 0x000000075f000000| Untracked 
| 761|0x000000075f200000, 0x000000075f200000, 0x000000075f400000|  0%| F|  |TAMS 0x000000075f200000, 0x000000075f200000| Untracked 
| 762|0x000000075f400000, 0x000000075f400000, 0x000000075f600000|  0%| F|  |TAMS 0x000000075f400000, 0x000000075f400000| Untracked 
| 763|0x000000075f600000, 0x000000075f600000, 0x000000075f800000|  0%| F|  |TAMS 0x000000075f600000, 0x000000075f600000| Untracked 
| 764|0x000000075f800000, 0x000000075f800000, 0x000000075fa00000|  0%| F|  |TAMS 0x000000075f800000, 0x000000075f800000| Untracked 
| 765|0x000000075fa00000, 0x000000075fa00000, 0x000000075fc00000|  0%| F|  |TAMS 0x000000075fa00000, 0x000000075fa00000| Untracked 
| 766|0x000000075fc00000, 0x000000075fc00000, 0x000000075fe00000|  0%| F|  |TAMS 0x000000075fc00000, 0x000000075fc00000| Untracked 
| 767|0x000000075fe00000, 0x000000075fe00000, 0x0000000760000000|  0%| F|  |TAMS 0x000000075fe00000, 0x000000075fe00000| Untracked 
| 768|0x0000000760000000, 0x0000000760000000, 0x0000000760200000|  0%| F|  |TAMS 0x0000000760000000, 0x0000000760000000| Untracked 
| 769|0x0000000760200000, 0x0000000760200000, 0x0000000760400000|  0%| F|  |TAMS 0x0000000760200000, 0x0000000760200000| Untracked 
| 770|0x0000000760400000, 0x0000000760400000, 0x0000000760600000|  0%| F|  |TAMS 0x0000000760400000, 0x0000000760400000| Untracked 
| 771|0x0000000760600000, 0x0000000760600000, 0x0000000760800000|  0%| F|  |TAMS 0x0000000760600000, 0x0000000760600000| Untracked 
| 772|0x0000000760800000, 0x0000000760800000, 0x0000000760a00000|  0%| F|  |TAMS 0x0000000760800000, 0x0000000760800000| Untracked 
| 773|0x0000000760a00000, 0x0000000760a00000, 0x0000000760c00000|  0%| F|  |TAMS 0x0000000760a00000, 0x0000000760a00000| Untracked 
| 774|0x0000000760c00000, 0x0000000760c00000, 0x0000000760e00000|  0%| F|  |TAMS 0x0000000760c00000, 0x0000000760c00000| Untracked 
| 775|0x0000000760e00000, 0x0000000760e00000, 0x0000000761000000|  0%| F|  |TAMS 0x0000000760e00000, 0x0000000760e00000| Untracked 
| 776|0x0000000761000000, 0x0000000761000000, 0x0000000761200000|  0%| F|  |TAMS 0x0000000761000000, 0x0000000761000000| Untracked 
| 777|0x0000000761200000, 0x0000000761200000, 0x0000000761400000|  0%| F|  |TAMS 0x0000000761200000, 0x0000000761200000| Untracked 
| 778|0x0000000761400000, 0x0000000761400000, 0x0000000761600000|  0%| F|  |TAMS 0x0000000761400000, 0x0000000761400000| Untracked 
| 779|0x0000000761600000, 0x0000000761600000, 0x0000000761800000|  0%| F|  |TAMS 0x0000000761600000, 0x0000000761600000| Untracked 
| 780|0x0000000761800000, 0x0000000761800000, 0x0000000761a00000|  0%| F|  |TAMS 0x0000000761800000, 0x0000000761800000| Untracked 
| 781|0x0000000761a00000, 0x0000000761a00000, 0x0000000761c00000|  0%| F|  |TAMS 0x0000000761a00000, 0x0000000761a00000| Untracked 
| 782|0x0000000761c00000, 0x0000000761c00000, 0x0000000761e00000|  0%| F|  |TAMS 0x0000000761c00000, 0x0000000761c00000| Untracked 
| 783|0x0000000761e00000, 0x0000000761e00000, 0x0000000762000000|  0%| F|  |TAMS 0x0000000761e00000, 0x0000000761e00000| Untracked 
| 784|0x0000000762000000, 0x0000000762000000, 0x0000000762200000|  0%| F|  |TAMS 0x0000000762000000, 0x0000000762000000| Untracked 
| 785|0x0000000762200000, 0x0000000762400000, 0x0000000762400000|100%| E|CS|TAMS 0x0000000762200000, 0x0000000762200000| Complete 
| 786|0x0000000762400000, 0x0000000762600000, 0x0000000762600000|100%| E|CS|TAMS 0x0000000762400000, 0x0000000762400000| Complete 
| 787|0x0000000762600000, 0x0000000762800000, 0x0000000762800000|100%| E|CS|TAMS 0x0000000762600000, 0x0000000762600000| Complete 
| 788|0x0000000762800000, 0x0000000762a00000, 0x0000000762a00000|100%| E|CS|TAMS 0x0000000762800000, 0x0000000762800000| Complete 
| 789|0x0000000762a00000, 0x0000000762c00000, 0x0000000762c00000|100%| E|CS|TAMS 0x0000000762a00000, 0x0000000762a00000| Complete 
| 790|0x0000000762c00000, 0x0000000762e00000, 0x0000000762e00000|100%| E|CS|TAMS 0x0000000762c00000, 0x0000000762c00000| Complete 
| 791|0x0000000762e00000, 0x0000000763000000, 0x0000000763000000|100%| E|CS|TAMS 0x0000000762e00000, 0x0000000762e00000| Complete 
| 792|0x0000000763000000, 0x0000000763200000, 0x0000000763200000|100%| E|CS|TAMS 0x0000000763000000, 0x0000000763000000| Complete 
| 793|0x0000000763200000, 0x0000000763400000, 0x0000000763400000|100%| E|CS|TAMS 0x0000000763200000, 0x0000000763200000| Complete 
| 794|0x0000000763400000, 0x0000000763600000, 0x0000000763600000|100%| E|CS|TAMS 0x0000000763400000, 0x0000000763400000| Complete 
| 795|0x0000000763600000, 0x0000000763800000, 0x0000000763800000|100%| E|CS|TAMS 0x0000000763600000, 0x0000000763600000| Complete 
| 796|0x0000000763800000, 0x0000000763a00000, 0x0000000763a00000|100%| E|CS|TAMS 0x0000000763800000, 0x0000000763800000| Complete 
| 797|0x0000000763a00000, 0x0000000763c00000, 0x0000000763c00000|100%| E|CS|TAMS 0x0000000763a00000, 0x0000000763a00000| Complete 
| 798|0x0000000763c00000, 0x0000000763e00000, 0x0000000763e00000|100%| E|CS|TAMS 0x0000000763c00000, 0x0000000763c00000| Complete 
| 799|0x0000000763e00000, 0x0000000764000000, 0x0000000764000000|100%| E|CS|TAMS 0x0000000763e00000, 0x0000000763e00000| Complete 
| 800|0x0000000764000000, 0x0000000764200000, 0x0000000764200000|100%| E|CS|TAMS 0x0000000764000000, 0x0000000764000000| Complete 
| 801|0x0000000764200000, 0x0000000764400000, 0x0000000764400000|100%| E|CS|TAMS 0x0000000764200000, 0x0000000764200000| Complete 
| 802|0x0000000764400000, 0x0000000764400000, 0x0000000764600000|  0%| F|  |TAMS 0x0000000764400000, 0x0000000764400000| Untracked 
| 803|0x0000000764600000, 0x0000000764600000, 0x0000000764800000|  0%| F|  |TAMS 0x0000000764600000, 0x0000000764600000| Untracked 
| 804|0x0000000764800000, 0x0000000764800000, 0x0000000764a00000|  0%| F|  |TAMS 0x0000000764800000, 0x0000000764800000| Untracked 
| 805|0x0000000764a00000, 0x0000000764a00000, 0x0000000764c00000|  0%| F|  |TAMS 0x0000000764a00000, 0x0000000764a00000| Untracked 
| 806|0x0000000764c00000, 0x0000000764c00000, 0x0000000764e00000|  0%| F|  |TAMS 0x0000000764c00000, 0x0000000764c00000| Untracked 
| 807|0x0000000764e00000, 0x0000000764e00000, 0x0000000765000000|  0%| F|  |TAMS 0x0000000764e00000, 0x0000000764e00000| Untracked 
| 808|0x0000000765000000, 0x0000000765000000, 0x0000000765200000|  0%| F|  |TAMS 0x0000000765000000, 0x0000000765000000| Untracked 
| 809|0x0000000765200000, 0x0000000765200000, 0x0000000765400000|  0%| F|  |TAMS 0x0000000765200000, 0x0000000765200000| Untracked 
| 810|0x0000000765400000, 0x0000000765400000, 0x0000000765600000|  0%| F|  |TAMS 0x0000000765400000, 0x0000000765400000| Untracked 
| 811|0x0000000765600000, 0x0000000765600000, 0x0000000765800000|  0%| F|  |TAMS 0x0000000765600000, 0x0000000765600000| Untracked 
| 812|0x0000000765800000, 0x0000000765800000, 0x0000000765a00000|  0%| F|  |TAMS 0x0000000765800000, 0x0000000765800000| Untracked 
| 813|0x0000000765a00000, 0x0000000765a00000, 0x0000000765c00000|  0%| F|  |TAMS 0x0000000765a00000, 0x0000000765a00000| Untracked 
| 814|0x0000000765c00000, 0x0000000765c00000, 0x0000000765e00000|  0%| F|  |TAMS 0x0000000765c00000, 0x0000000765c00000| Untracked 
| 815|0x0000000765e00000, 0x0000000765e00000, 0x0000000766000000|  0%| F|  |TAMS 0x0000000765e00000, 0x0000000765e00000| Untracked 
| 816|0x0000000766000000, 0x0000000766000000, 0x0000000766200000|  0%| F|  |TAMS 0x0000000766000000, 0x0000000766000000| Untracked 
| 817|0x0000000766200000, 0x0000000766200000, 0x0000000766400000|  0%| F|  |TAMS 0x0000000766200000, 0x0000000766200000| Untracked 
| 818|0x0000000766400000, 0x0000000766400000, 0x0000000766600000|  0%| F|  |TAMS 0x0000000766400000, 0x0000000766400000| Untracked 
| 819|0x0000000766600000, 0x0000000766600000, 0x0000000766800000|  0%| F|  |TAMS 0x0000000766600000, 0x0000000766600000| Untracked 
| 820|0x0000000766800000, 0x0000000766800000, 0x0000000766a00000|  0%| F|  |TAMS 0x0000000766800000, 0x0000000766800000| Untracked 
| 821|0x0000000766a00000, 0x0000000766a00000, 0x0000000766c00000|  0%| F|  |TAMS 0x0000000766a00000, 0x0000000766a00000| Untracked 
| 822|0x0000000766c00000, 0x0000000766c00000, 0x0000000766e00000|  0%| F|  |TAMS 0x0000000766c00000, 0x0000000766c00000| Untracked 
| 823|0x0000000766e00000, 0x0000000766e00000, 0x0000000767000000|  0%| F|  |TAMS 0x0000000766e00000, 0x0000000766e00000| Untracked 
| 824|0x0000000767000000, 0x0000000767000000, 0x0000000767200000|  0%| F|  |TAMS 0x0000000767000000, 0x0000000767000000| Untracked 
| 825|0x0000000767200000, 0x0000000767200000, 0x0000000767400000|  0%| F|  |TAMS 0x0000000767200000, 0x0000000767200000| Untracked 
| 826|0x0000000767400000, 0x0000000767400000, 0x0000000767600000|  0%| F|  |TAMS 0x0000000767400000, 0x0000000767400000| Untracked 
| 827|0x0000000767600000, 0x0000000767600000, 0x0000000767800000|  0%| F|  |TAMS 0x0000000767600000, 0x0000000767600000| Untracked 
| 828|0x0000000767800000, 0x0000000767800000, 0x0000000767a00000|  0%| F|  |TAMS 0x0000000767800000, 0x0000000767800000| Untracked 
| 829|0x0000000767a00000, 0x0000000767a00000, 0x0000000767c00000|  0%| F|  |TAMS 0x0000000767a00000, 0x0000000767a00000| Untracked 
| 830|0x0000000767c00000, 0x0000000767c00000, 0x0000000767e00000|  0%| F|  |TAMS 0x0000000767c00000, 0x0000000767c00000| Untracked 
| 831|0x0000000767e00000, 0x0000000767e00000, 0x0000000768000000|  0%| F|  |TAMS 0x0000000767e00000, 0x0000000767e00000| Untracked 
| 832|0x0000000768000000, 0x0000000768000000, 0x0000000768200000|  0%| F|  |TAMS 0x0000000768000000, 0x0000000768000000| Untracked 
| 833|0x0000000768200000, 0x0000000768200000, 0x0000000768400000|  0%| F|  |TAMS 0x0000000768200000, 0x0000000768200000| Untracked 
| 834|0x0000000768400000, 0x0000000768400000, 0x0000000768600000|  0%| F|  |TAMS 0x0000000768400000, 0x0000000768400000| Untracked 
| 835|0x0000000768600000, 0x0000000768600000, 0x0000000768800000|  0%| F|  |TAMS 0x0000000768600000, 0x0000000768600000| Untracked 
| 836|0x0000000768800000, 0x0000000768800000, 0x0000000768a00000|  0%| F|  |TAMS 0x0000000768800000, 0x0000000768800000| Untracked 
| 837|0x0000000768a00000, 0x0000000768a00000, 0x0000000768c00000|  0%| F|  |TAMS 0x0000000768a00000, 0x0000000768a00000| Untracked 
| 838|0x0000000768c00000, 0x0000000768c00000, 0x0000000768e00000|  0%| F|  |TAMS 0x0000000768c00000, 0x0000000768c00000| Untracked 
| 839|0x0000000768e00000, 0x0000000768e00000, 0x0000000769000000|  0%| F|  |TAMS 0x0000000768e00000, 0x0000000768e00000| Untracked 
| 840|0x0000000769000000, 0x0000000769000000, 0x0000000769200000|  0%| F|  |TAMS 0x0000000769000000, 0x0000000769000000| Untracked 
| 841|0x0000000769200000, 0x0000000769200000, 0x0000000769400000|  0%| F|  |TAMS 0x0000000769200000, 0x0000000769200000| Untracked 
| 842|0x0000000769400000, 0x0000000769400000, 0x0000000769600000|  0%| F|  |TAMS 0x0000000769400000, 0x0000000769400000| Untracked 
| 843|0x0000000769600000, 0x0000000769600000, 0x0000000769800000|  0%| F|  |TAMS 0x0000000769600000, 0x0000000769600000| Untracked 
| 844|0x0000000769800000, 0x0000000769800000, 0x0000000769a00000|  0%| F|  |TAMS 0x0000000769800000, 0x0000000769800000| Untracked 
| 845|0x0000000769a00000, 0x0000000769a00000, 0x0000000769c00000|  0%| F|  |TAMS 0x0000000769a00000, 0x0000000769a00000| Untracked 
| 846|0x0000000769c00000, 0x0000000769c00000, 0x0000000769e00000|  0%| F|  |TAMS 0x0000000769c00000, 0x0000000769c00000| Untracked 
| 847|0x0000000769e00000, 0x0000000769e00000, 0x000000076a000000|  0%| F|  |TAMS 0x0000000769e00000, 0x0000000769e00000| Untracked 
| 848|0x000000076a000000, 0x000000076a000000, 0x000000076a200000|  0%| F|  |TAMS 0x000000076a000000, 0x000000076a000000| Untracked 
| 849|0x000000076a200000, 0x000000076a200000, 0x000000076a400000|  0%| F|  |TAMS 0x000000076a200000, 0x000000076a200000| Untracked 
| 850|0x000000076a400000, 0x000000076a400000, 0x000000076a600000|  0%| F|  |TAMS 0x000000076a400000, 0x000000076a400000| Untracked 
| 851|0x000000076a600000, 0x000000076a600000, 0x000000076a800000|  0%| F|  |TAMS 0x000000076a600000, 0x000000076a600000| Untracked 
| 852|0x000000076a800000, 0x000000076a800000, 0x000000076aa00000|  0%| F|  |TAMS 0x000000076a800000, 0x000000076a800000| Untracked 
| 853|0x000000076aa00000, 0x000000076aa00000, 0x000000076ac00000|  0%| F|  |TAMS 0x000000076aa00000, 0x000000076aa00000| Untracked 
| 854|0x000000076ac00000, 0x000000076ac00000, 0x000000076ae00000|  0%| F|  |TAMS 0x000000076ac00000, 0x000000076ac00000| Untracked 
| 855|0x000000076ae00000, 0x000000076ae00000, 0x000000076b000000|  0%| F|  |TAMS 0x000000076ae00000, 0x000000076ae00000| Untracked 
| 856|0x000000076b000000, 0x000000076b000000, 0x000000076b200000|  0%| F|  |TAMS 0x000000076b000000, 0x000000076b000000| Untracked 
| 857|0x000000076b200000, 0x000000076b200000, 0x000000076b400000|  0%| F|  |TAMS 0x000000076b200000, 0x000000076b200000| Untracked 
| 858|0x000000076b400000, 0x000000076b400000, 0x000000076b600000|  0%| F|  |TAMS 0x000000076b400000, 0x000000076b400000| Untracked 
| 859|0x000000076b600000, 0x000000076b600000, 0x000000076b800000|  0%| F|  |TAMS 0x000000076b600000, 0x000000076b600000| Untracked 
| 860|0x000000076b800000, 0x000000076b800000, 0x000000076ba00000|  0%| F|  |TAMS 0x000000076b800000, 0x000000076b800000| Untracked 
| 861|0x000000076ba00000, 0x000000076ba00000, 0x000000076bc00000|  0%| F|  |TAMS 0x000000076ba00000, 0x000000076ba00000| Untracked 
| 862|0x000000076bc00000, 0x000000076bc00000, 0x000000076be00000|  0%| F|  |TAMS 0x000000076bc00000, 0x000000076bc00000| Untracked 
| 863|0x000000076be00000, 0x000000076be00000, 0x000000076c000000|  0%| F|  |TAMS 0x000000076be00000, 0x000000076be00000| Untracked 
| 864|0x000000076c000000, 0x000000076c000000, 0x000000076c200000|  0%| F|  |TAMS 0x000000076c000000, 0x000000076c000000| Untracked 
| 865|0x000000076c200000, 0x000000076c200000, 0x000000076c400000|  0%| F|  |TAMS 0x000000076c200000, 0x000000076c200000| Untracked 
| 866|0x000000076c400000, 0x000000076c400000, 0x000000076c600000|  0%| F|  |TAMS 0x000000076c400000, 0x000000076c400000| Untracked 
| 867|0x000000076c600000, 0x000000076c600000, 0x000000076c800000|  0%| F|  |TAMS 0x000000076c600000, 0x000000076c600000| Untracked 
| 868|0x000000076c800000, 0x000000076c800000, 0x000000076ca00000|  0%| F|  |TAMS 0x000000076c800000, 0x000000076c800000| Untracked 
| 869|0x000000076ca00000, 0x000000076ca00000, 0x000000076cc00000|  0%| F|  |TAMS 0x000000076ca00000, 0x000000076ca00000| Untracked 
| 870|0x000000076cc00000, 0x000000076cc00000, 0x000000076ce00000|  0%| F|  |TAMS 0x000000076cc00000, 0x000000076cc00000| Untracked 
| 871|0x000000076ce00000, 0x000000076ce00000, 0x000000076d000000|  0%| F|  |TAMS 0x000000076ce00000, 0x000000076ce00000| Untracked 
| 872|0x000000076d000000, 0x000000076d000000, 0x000000076d200000|  0%| F|  |TAMS 0x000000076d000000, 0x000000076d000000| Untracked 
| 873|0x000000076d200000, 0x000000076d200000, 0x000000076d400000|  0%| F|  |TAMS 0x000000076d200000, 0x000000076d200000| Untracked 
| 874|0x000000076d400000, 0x000000076d400000, 0x000000076d600000|  0%| F|  |TAMS 0x000000076d400000, 0x000000076d400000| Untracked 
| 875|0x000000076d600000, 0x000000076d600000, 0x000000076d800000|  0%| F|  |TAMS 0x000000076d600000, 0x000000076d600000| Untracked 
| 876|0x000000076d800000, 0x000000076d800000, 0x000000076da00000|  0%| F|  |TAMS 0x000000076d800000, 0x000000076d800000| Untracked 
| 877|0x000000076da00000, 0x000000076da00000, 0x000000076dc00000|  0%| F|  |TAMS 0x000000076da00000, 0x000000076da00000| Untracked 
| 878|0x000000076dc00000, 0x000000076dc00000, 0x000000076de00000|  0%| F|  |TAMS 0x000000076dc00000, 0x000000076dc00000| Untracked 
| 879|0x000000076de00000, 0x000000076de00000, 0x000000076e000000|  0%| F|  |TAMS 0x000000076de00000, 0x000000076de00000| Untracked 
| 880|0x000000076e000000, 0x000000076e000000, 0x000000076e200000|  0%| F|  |TAMS 0x000000076e000000, 0x000000076e000000| Untracked 
| 881|0x000000076e200000, 0x000000076e200000, 0x000000076e400000|  0%| F|  |TAMS 0x000000076e200000, 0x000000076e200000| Untracked 
| 882|0x000000076e400000, 0x000000076e400000, 0x000000076e600000|  0%| F|  |TAMS 0x000000076e400000, 0x000000076e400000| Untracked 
| 883|0x000000076e600000, 0x000000076e600000, 0x000000076e800000|  0%| F|  |TAMS 0x000000076e600000, 0x000000076e600000| Untracked 
| 884|0x000000076e800000, 0x000000076e800000, 0x000000076ea00000|  0%| F|  |TAMS 0x000000076e800000, 0x000000076e800000| Untracked 
| 885|0x000000076ea00000, 0x000000076ea00000, 0x000000076ec00000|  0%| F|  |TAMS 0x000000076ea00000, 0x000000076ea00000| Untracked 
| 886|0x000000076ec00000, 0x000000076ec00000, 0x000000076ee00000|  0%| F|  |TAMS 0x000000076ec00000, 0x000000076ec00000| Untracked 
| 887|0x000000076ee00000, 0x000000076ee00000, 0x000000076f000000|  0%| F|  |TAMS 0x000000076ee00000, 0x000000076ee00000| Untracked 
| 888|0x000000076f000000, 0x000000076f000000, 0x000000076f200000|  0%| F|  |TAMS 0x000000076f000000, 0x000000076f000000| Untracked 
| 889|0x000000076f200000, 0x000000076f200000, 0x000000076f400000|  0%| F|  |TAMS 0x000000076f200000, 0x000000076f200000| Untracked 
| 890|0x000000076f400000, 0x000000076f400000, 0x000000076f600000|  0%| F|  |TAMS 0x000000076f400000, 0x000000076f400000| Untracked 
| 891|0x000000076f600000, 0x000000076f600000, 0x000000076f800000|  0%| F|  |TAMS 0x000000076f600000, 0x000000076f600000| Untracked 
| 892|0x000000076f800000, 0x000000076f800000, 0x000000076fa00000|  0%| F|  |TAMS 0x000000076f800000, 0x000000076f800000| Untracked 
| 893|0x000000076fa00000, 0x000000076fa00000, 0x000000076fc00000|  0%| F|  |TAMS 0x000000076fa00000, 0x000000076fa00000| Untracked 
| 894|0x000000076fc00000, 0x000000076fc00000, 0x000000076fe00000|  0%| F|  |TAMS 0x000000076fc00000, 0x000000076fc00000| Untracked 
| 895|0x000000076fe00000, 0x000000076fe00000, 0x0000000770000000|  0%| F|  |TAMS 0x000000076fe00000, 0x000000076fe00000| Untracked 
| 896|0x0000000770000000, 0x0000000770000000, 0x0000000770200000|  0%| F|  |TAMS 0x0000000770000000, 0x0000000770000000| Untracked 
| 897|0x0000000770200000, 0x0000000770200000, 0x0000000770400000|  0%| F|  |TAMS 0x0000000770200000, 0x0000000770200000| Untracked 
| 898|0x0000000770400000, 0x0000000770400000, 0x0000000770600000|  0%| F|  |TAMS 0x0000000770400000, 0x0000000770400000| Untracked 
| 899|0x0000000770600000, 0x0000000770600000, 0x0000000770800000|  0%| F|  |TAMS 0x0000000770600000, 0x0000000770600000| Untracked 
| 900|0x0000000770800000, 0x0000000770800000, 0x0000000770a00000|  0%| F|  |TAMS 0x0000000770800000, 0x0000000770800000| Untracked 
| 901|0x0000000770a00000, 0x0000000770a00000, 0x0000000770c00000|  0%| F|  |TAMS 0x0000000770a00000, 0x0000000770a00000| Untracked 
| 902|0x0000000770c00000, 0x0000000770c00000, 0x0000000770e00000|  0%| F|  |TAMS 0x0000000770c00000, 0x0000000770c00000| Untracked 
| 903|0x0000000770e00000, 0x0000000770e00000, 0x0000000771000000|  0%| F|  |TAMS 0x0000000770e00000, 0x0000000770e00000| Untracked 
| 904|0x0000000771000000, 0x0000000771000000, 0x0000000771200000|  0%| F|  |TAMS 0x0000000771000000, 0x0000000771000000| Untracked 
| 905|0x0000000771200000, 0x0000000771200000, 0x0000000771400000|  0%| F|  |TAMS 0x0000000771200000, 0x0000000771200000| Untracked 
| 906|0x0000000771400000, 0x0000000771400000, 0x0000000771600000|  0%| F|  |TAMS 0x0000000771400000, 0x0000000771400000| Untracked 
| 907|0x0000000771600000, 0x0000000771600000, 0x0000000771800000|  0%| F|  |TAMS 0x0000000771600000, 0x0000000771600000| Untracked 
| 908|0x0000000771800000, 0x0000000771800000, 0x0000000771a00000|  0%| F|  |TAMS 0x0000000771800000, 0x0000000771800000| Untracked 
| 909|0x0000000771a00000, 0x0000000771a00000, 0x0000000771c00000|  0%| F|  |TAMS 0x0000000771a00000, 0x0000000771a00000| Untracked 
| 910|0x0000000771c00000, 0x0000000771c00000, 0x0000000771e00000|  0%| F|  |TAMS 0x0000000771c00000, 0x0000000771c00000| Untracked 
| 911|0x0000000771e00000, 0x0000000771e00000, 0x0000000772000000|  0%| F|  |TAMS 0x0000000771e00000, 0x0000000771e00000| Untracked 
| 912|0x0000000772000000, 0x0000000772000000, 0x0000000772200000|  0%| F|  |TAMS 0x0000000772000000, 0x0000000772000000| Untracked 
| 913|0x0000000772200000, 0x0000000772200000, 0x0000000772400000|  0%| F|  |TAMS 0x0000000772200000, 0x0000000772200000| Untracked 
| 914|0x0000000772400000, 0x0000000772400000, 0x0000000772600000|  0%| F|  |TAMS 0x0000000772400000, 0x0000000772400000| Untracked 
| 915|0x0000000772600000, 0x0000000772600000, 0x0000000772800000|  0%| F|  |TAMS 0x0000000772600000, 0x0000000772600000| Untracked 
| 916|0x0000000772800000, 0x0000000772800000, 0x0000000772a00000|  0%| F|  |TAMS 0x0000000772800000, 0x0000000772800000| Untracked 
| 917|0x0000000772a00000, 0x0000000772a00000, 0x0000000772c00000|  0%| F|  |TAMS 0x0000000772a00000, 0x0000000772a00000| Untracked 
| 918|0x0000000772c00000, 0x0000000772c00000, 0x0000000772e00000|  0%| F|  |TAMS 0x0000000772c00000, 0x0000000772c00000| Untracked 
| 919|0x0000000772e00000, 0x0000000772e00000, 0x0000000773000000|  0%| F|  |TAMS 0x0000000772e00000, 0x0000000772e00000| Untracked 
| 920|0x0000000773000000, 0x0000000773000000, 0x0000000773200000|  0%| F|  |TAMS 0x0000000773000000, 0x0000000773000000| Untracked 
| 921|0x0000000773200000, 0x0000000773200000, 0x0000000773400000|  0%| F|  |TAMS 0x0000000773200000, 0x0000000773200000| Untracked 
| 922|0x0000000773400000, 0x0000000773400000, 0x0000000773600000|  0%| F|  |TAMS 0x0000000773400000, 0x0000000773400000| Untracked 
| 923|0x0000000773600000, 0x0000000773600000, 0x0000000773800000|  0%| F|  |TAMS 0x0000000773600000, 0x0000000773600000| Untracked 
| 924|0x0000000773800000, 0x0000000773800000, 0x0000000773a00000|  0%| F|  |TAMS 0x0000000773800000, 0x0000000773800000| Untracked 
| 925|0x0000000773a00000, 0x0000000773a00000, 0x0000000773c00000|  0%| F|  |TAMS 0x0000000773a00000, 0x0000000773a00000| Untracked 
| 926|0x0000000773c00000, 0x0000000773c00000, 0x0000000773e00000|  0%| F|  |TAMS 0x0000000773c00000, 0x0000000773c00000| Untracked 
| 927|0x0000000773e00000, 0x0000000773e00000, 0x0000000774000000|  0%| F|  |TAMS 0x0000000773e00000, 0x0000000773e00000| Untracked 
| 928|0x0000000774000000, 0x0000000774000000, 0x0000000774200000|  0%| F|  |TAMS 0x0000000774000000, 0x0000000774000000| Untracked 
| 929|0x0000000774200000, 0x0000000774200000, 0x0000000774400000|  0%| F|  |TAMS 0x0000000774200000, 0x0000000774200000| Untracked 
| 930|0x0000000774400000, 0x0000000774400000, 0x0000000774600000|  0%| F|  |TAMS 0x0000000774400000, 0x0000000774400000| Untracked 
| 931|0x0000000774600000, 0x0000000774600000, 0x0000000774800000|  0%| F|  |TAMS 0x0000000774600000, 0x0000000774600000| Untracked 
| 932|0x0000000774800000, 0x0000000774800000, 0x0000000774a00000|  0%| F|  |TAMS 0x0000000774800000, 0x0000000774800000| Untracked 
| 933|0x0000000774a00000, 0x0000000774a00000, 0x0000000774c00000|  0%| F|  |TAMS 0x0000000774a00000, 0x0000000774a00000| Untracked 
| 934|0x0000000774c00000, 0x0000000774c00000, 0x0000000774e00000|  0%| F|  |TAMS 0x0000000774c00000, 0x0000000774c00000| Untracked 
| 935|0x0000000774e00000, 0x0000000774e00000, 0x0000000775000000|  0%| F|  |TAMS 0x0000000774e00000, 0x0000000774e00000| Untracked 
| 936|0x0000000775000000, 0x0000000775000000, 0x0000000775200000|  0%| F|  |TAMS 0x0000000775000000, 0x0000000775000000| Untracked 
| 937|0x0000000775200000, 0x0000000775200000, 0x0000000775400000|  0%| F|  |TAMS 0x0000000775200000, 0x0000000775200000| Untracked 
| 938|0x0000000775400000, 0x0000000775400000, 0x0000000775600000|  0%| F|  |TAMS 0x0000000775400000, 0x0000000775400000| Untracked 
| 939|0x0000000775600000, 0x0000000775600000, 0x0000000775800000|  0%| F|  |TAMS 0x0000000775600000, 0x0000000775600000| Untracked 
| 940|0x0000000775800000, 0x0000000775800000, 0x0000000775a00000|  0%| F|  |TAMS 0x0000000775800000, 0x0000000775800000| Untracked 
| 941|0x0000000775a00000, 0x0000000775a00000, 0x0000000775c00000|  0%| F|  |TAMS 0x0000000775a00000, 0x0000000775a00000| Untracked 
| 942|0x0000000775c00000, 0x0000000775c00000, 0x0000000775e00000|  0%| F|  |TAMS 0x0000000775c00000, 0x0000000775c00000| Untracked 
| 943|0x0000000775e00000, 0x0000000775e00000, 0x0000000776000000|  0%| F|  |TAMS 0x0000000775e00000, 0x0000000775e00000| Untracked 
| 944|0x0000000776000000, 0x0000000776000000, 0x0000000776200000|  0%| F|  |TAMS 0x0000000776000000, 0x0000000776000000| Untracked 
| 945|0x0000000776200000, 0x0000000776200000, 0x0000000776400000|  0%| F|  |TAMS 0x0000000776200000, 0x0000000776200000| Untracked 
| 946|0x0000000776400000, 0x0000000776400000, 0x0000000776600000|  0%| F|  |TAMS 0x0000000776400000, 0x0000000776400000| Untracked 
| 947|0x0000000776600000, 0x0000000776600000, 0x0000000776800000|  0%| F|  |TAMS 0x0000000776600000, 0x0000000776600000| Untracked 
| 948|0x0000000776800000, 0x0000000776800000, 0x0000000776a00000|  0%| F|  |TAMS 0x0000000776800000, 0x0000000776800000| Untracked 
| 949|0x0000000776a00000, 0x0000000776a00000, 0x0000000776c00000|  0%| F|  |TAMS 0x0000000776a00000, 0x0000000776a00000| Untracked 
| 950|0x0000000776c00000, 0x0000000776c00000, 0x0000000776e00000|  0%| F|  |TAMS 0x0000000776c00000, 0x0000000776c00000| Untracked 
| 951|0x0000000776e00000, 0x0000000776e00000, 0x0000000777000000|  0%| F|  |TAMS 0x0000000776e00000, 0x0000000776e00000| Untracked 
| 952|0x0000000777000000, 0x0000000777000000, 0x0000000777200000|  0%| F|  |TAMS 0x0000000777000000, 0x0000000777000000| Untracked 
| 953|0x0000000777200000, 0x0000000777200000, 0x0000000777400000|  0%| F|  |TAMS 0x0000000777200000, 0x0000000777200000| Untracked 
| 954|0x0000000777400000, 0x0000000777400000, 0x0000000777600000|  0%| F|  |TAMS 0x0000000777400000, 0x0000000777400000| Untracked 
| 955|0x0000000777600000, 0x0000000777600000, 0x0000000777800000|  0%| F|  |TAMS 0x0000000777600000, 0x0000000777600000| Untracked 
| 956|0x0000000777800000, 0x0000000777800000, 0x0000000777a00000|  0%| F|  |TAMS 0x0000000777800000, 0x0000000777800000| Untracked 
| 957|0x0000000777a00000, 0x0000000777a00000, 0x0000000777c00000|  0%| F|  |TAMS 0x0000000777a00000, 0x0000000777a00000| Untracked 
| 958|0x0000000777c00000, 0x0000000777c00000, 0x0000000777e00000|  0%| F|  |TAMS 0x0000000777c00000, 0x0000000777c00000| Untracked 
| 959|0x0000000777e00000, 0x0000000777e00000, 0x0000000778000000|  0%| F|  |TAMS 0x0000000777e00000, 0x0000000777e00000| Untracked 
| 960|0x0000000778000000, 0x0000000778000000, 0x0000000778200000|  0%| F|  |TAMS 0x0000000778000000, 0x0000000778000000| Untracked 
| 961|0x0000000778200000, 0x0000000778200000, 0x0000000778400000|  0%| F|  |TAMS 0x0000000778200000, 0x0000000778200000| Untracked 
| 962|0x0000000778400000, 0x0000000778400000, 0x0000000778600000|  0%| F|  |TAMS 0x0000000778400000, 0x0000000778400000| Untracked 
| 963|0x0000000778600000, 0x0000000778600000, 0x0000000778800000|  0%| F|  |TAMS 0x0000000778600000, 0x0000000778600000| Untracked 
| 964|0x0000000778800000, 0x0000000778800000, 0x0000000778a00000|  0%| F|  |TAMS 0x0000000778800000, 0x0000000778800000| Untracked 
| 965|0x0000000778a00000, 0x0000000778a00000, 0x0000000778c00000|  0%| F|  |TAMS 0x0000000778a00000, 0x0000000778a00000| Untracked 
| 966|0x0000000778c00000, 0x0000000778c00000, 0x0000000778e00000|  0%| F|  |TAMS 0x0000000778c00000, 0x0000000778c00000| Untracked 
| 967|0x0000000778e00000, 0x0000000778e00000, 0x0000000779000000|  0%| F|  |TAMS 0x0000000778e00000, 0x0000000778e00000| Untracked 
| 968|0x0000000779000000, 0x0000000779000000, 0x0000000779200000|  0%| F|  |TAMS 0x0000000779000000, 0x0000000779000000| Untracked 
| 969|0x0000000779200000, 0x0000000779200000, 0x0000000779400000|  0%| F|  |TAMS 0x0000000779200000, 0x0000000779200000| Untracked 
| 970|0x0000000779400000, 0x0000000779400000, 0x0000000779600000|  0%| F|  |TAMS 0x0000000779400000, 0x0000000779400000| Untracked 
| 971|0x0000000779600000, 0x0000000779600000, 0x0000000779800000|  0%| F|  |TAMS 0x0000000779600000, 0x0000000779600000| Untracked 
| 972|0x0000000779800000, 0x0000000779800000, 0x0000000779a00000|  0%| F|  |TAMS 0x0000000779800000, 0x0000000779800000| Untracked 
| 973|0x0000000779a00000, 0x0000000779a00000, 0x0000000779c00000|  0%| F|  |TAMS 0x0000000779a00000, 0x0000000779a00000| Untracked 
| 974|0x0000000779c00000, 0x0000000779c00000, 0x0000000779e00000|  0%| F|  |TAMS 0x0000000779c00000, 0x0000000779c00000| Untracked 
| 975|0x0000000779e00000, 0x0000000779e00000, 0x000000077a000000|  0%| F|  |TAMS 0x0000000779e00000, 0x0000000779e00000| Untracked 
| 976|0x000000077a000000, 0x000000077a000000, 0x000000077a200000|  0%| F|  |TAMS 0x000000077a000000, 0x000000077a000000| Untracked 
| 977|0x000000077a200000, 0x000000077a200000, 0x000000077a400000|  0%| F|  |TAMS 0x000000077a200000, 0x000000077a200000| Untracked 
| 978|0x000000077a400000, 0x000000077a400000, 0x000000077a600000|  0%| F|  |TAMS 0x000000077a400000, 0x000000077a400000| Untracked 
| 979|0x000000077a600000, 0x000000077a600000, 0x000000077a800000|  0%| F|  |TAMS 0x000000077a600000, 0x000000077a600000| Untracked 
| 980|0x000000077a800000, 0x000000077a800000, 0x000000077aa00000|  0%| F|  |TAMS 0x000000077a800000, 0x000000077a800000| Untracked 
| 981|0x000000077aa00000, 0x000000077aa00000, 0x000000077ac00000|  0%| F|  |TAMS 0x000000077aa00000, 0x000000077aa00000| Untracked 
| 982|0x000000077ac00000, 0x000000077ac00000, 0x000000077ae00000|  0%| F|  |TAMS 0x000000077ac00000, 0x000000077ac00000| Untracked 
| 983|0x000000077ae00000, 0x000000077ae00000, 0x000000077b000000|  0%| F|  |TAMS 0x000000077ae00000, 0x000000077ae00000| Untracked 
| 984|0x000000077b000000, 0x000000077b000000, 0x000000077b200000|  0%| F|  |TAMS 0x000000077b000000, 0x000000077b000000| Untracked 
| 985|0x000000077b200000, 0x000000077b200000, 0x000000077b400000|  0%| F|  |TAMS 0x000000077b200000, 0x000000077b200000| Untracked 
| 986|0x000000077b400000, 0x000000077b400000, 0x000000077b600000|  0%| F|  |TAMS 0x000000077b400000, 0x000000077b400000| Untracked 
| 987|0x000000077b600000, 0x000000077b600000, 0x000000077b800000|  0%| F|  |TAMS 0x000000077b600000, 0x000000077b600000| Untracked 
| 988|0x000000077b800000, 0x000000077b800000, 0x000000077ba00000|  0%| F|  |TAMS 0x000000077b800000, 0x000000077b800000| Untracked 
| 989|0x000000077ba00000, 0x000000077ba00000, 0x000000077bc00000|  0%| F|  |TAMS 0x000000077ba00000, 0x000000077ba00000| Untracked 
| 990|0x000000077bc00000, 0x000000077bc00000, 0x000000077be00000|  0%| F|  |TAMS 0x000000077bc00000, 0x000000077bc00000| Untracked 
| 991|0x000000077be00000, 0x000000077be00000, 0x000000077c000000|  0%| F|  |TAMS 0x000000077be00000, 0x000000077be00000| Untracked 
| 992|0x000000077c000000, 0x000000077c000000, 0x000000077c200000|  0%| F|  |TAMS 0x000000077c000000, 0x000000077c000000| Untracked 
| 993|0x000000077c200000, 0x000000077c200000, 0x000000077c400000|  0%| F|  |TAMS 0x000000077c200000, 0x000000077c200000| Untracked 
| 994|0x000000077c400000, 0x000000077c600000, 0x000000077c600000|100%| E|CS|TAMS 0x000000077c400000, 0x000000077c400000| Complete 
| 995|0x000000077c600000, 0x000000077c800000, 0x000000077c800000|100%| E|CS|TAMS 0x000000077c600000, 0x000000077c600000| Complete 
| 996|0x000000077c800000, 0x000000077ca00000, 0x000000077ca00000|100%| E|CS|TAMS 0x000000077c800000, 0x000000077c800000| Complete 
|2038|0x00000007fec00000, 0x00000007fee00000, 0x00000007fee00000|100%| E|CS|TAMS 0x00000007fec00000, 0x00000007fec00000| Complete 
|2046|0x00000007ffc00000, 0x00000007ffe00000, 0x00000007ffe00000|100%| E|CS|TAMS 0x00000007ffc00000, 0x00000007ffc00000| Complete 
|2047|0x00000007ffe00000, 0x0000000800000000, 0x0000000800000000|100%| O|  |TAMS 0x0000000800000000, 0x00000007ffe00000| Untracked 

Card table byte_map: [0x000001b675b60000,0x000001b676360000] _byte_map_base: 0x000001b672360000

Marking Bits (Prev, Next): (CMBitMap*) 0x000001b65dd1cb30, (CMBitMap*) 0x000001b65dd1cb70
 Prev Bits: [0x000001b676b60000, 0x000001b67ab60000)
 Next Bits: [0x000001b67ab60000, 0x000001b67eb60000)

Polling page: 0x000001b65be10000

Metaspace:

Usage:
  Non-class:    223.89 MB used.
      Class:     32.47 MB used.
       Both:    256.37 MB used.

Virtual space:
  Non-class space:      256.00 MB reserved,     225.50 MB ( 88%) committed,  4 nodes.
      Class space:        1.00 GB reserved,      33.88 MB (  3%) committed,  1 nodes.
             Both:        1.25 GB reserved,     259.38 MB ( 20%) committed. 

Chunk freelists:
   Non-Class:  14.05 MB
       Class:  14.07 MB
        Both:  28.12 MB

MaxMetaspaceSize: 2.00 GB
CompressedClassSpaceSize: 1.00 GB
Initial GC threshold: 21.00 MB
Current GC threshold: 429.00 MB
CDS: on
MetaspaceReclaimPolicy: balanced
 - commit_granule_bytes: 65536.
 - commit_granule_words: 8192.
 - virtual_space_node_default_size: 8388608.
 - enlarge_chunks_in_place: 1.
 - new_chunks_are_fully_committed: 0.
 - uncommit_free_chunks: 1.
 - use_allocation_guard: 0.
 - handle_deallocations: 1.


Internal statistics:

num_allocs_failed_limit: 9.
num_arena_births: 4784.
num_arena_deaths: 326.
num_vsnodes_births: 5.
num_vsnodes_deaths: 0.
num_space_committed: 4199.
num_space_uncommitted: 53.
num_chunks_returned_to_freelist: 939.
num_chunks_taken_from_freelist: 17337.
num_chunk_merges: 297.
num_chunk_splits: 11000.
num_chunks_enlarged: 6749.
num_inconsistent_stats: 0.

CodeHeap 'non-profiled nmethods': size=119168Kb used=38918Kb max_used=39040Kb free=80249Kb
 bounds [0x000001b66d110000, 0x000001b66f740000, 0x000001b674570000]
CodeHeap 'profiled nmethods': size=119104Kb used=94258Kb max_used=94258Kb free=24845Kb
 bounds [0x000001b665570000, 0x000001b66b190000, 0x000001b66c9c0000]
CodeHeap 'non-nmethods': size=7488Kb used=4404Kb max_used=4510Kb free=3083Kb
 bounds [0x000001b66c9c0000, 0x000001b66ce40000, 0x000001b66d110000]
 total_blobs=45042 nmethods=43758 adapters=1188
 compilation: enabled
              stopped_count=0, restarted_count=0
 full_count=0

Compilation events (20 events):
Event: 221.239 Thread 0x000001b60236e2d0 59183       2       org.jetbrains.kotlin.psi.KtOperationReferenceExpression::<init> (12 bytes)
Event: 221.239 Thread 0x000001b6593fa2f0 59091       4       org.jetbrains.kotlin.metadata.ProtoBuf$Type::getSerializedSize (393 bytes)
Event: 221.239 Thread 0x000001b659635b50 nmethod 59181 0x000001b66a84a510 code [0x000001b66a84a6e0, 0x000001b66a84aa68]
Event: 221.239 Thread 0x000001b659635b50 59184       2       org.jetbrains.kotlin.psi.KtSimpleNameExpressionImpl::<init> (12 bytes)
Event: 221.240 Thread 0x000001b6593fcd70 nmethod 59182 0x000001b669b9a010 code [0x000001b669b9a260, 0x000001b669b9af68]
Event: 221.241 Thread 0x000001b6593fcd70 59190       2       org.jetbrains.kotlin.psi.KtVisitorVoid::visitBlockExpression (10 bytes)
Event: 221.241 Thread 0x000001b60236e2d0 nmethod 59183 0x000001b669b99210 code [0x000001b669b994a0, 0x000001b669b99bd8]
Event: 221.241 Thread 0x000001b60236e2d0 59202   !   3       jdk.internal.reflect.GeneratedConstructorAccessor323::newInstance (53 bytes)
Event: 221.241 Thread 0x000001b6593fcd70 nmethod 59190 0x000001b66aa30c10 code [0x000001b66aa30dc0, 0x000001b66aa30f78]
Event: 221.242 Thread 0x000001b659635b50 nmethod 59184 0x000001b66a868b90 code [0x000001b66a868dc0, 0x000001b66a869358]
Event: 221.242 Thread 0x000001b6593fcd70 59193       2       com.android.tools.r8.graph.j$$Lambda$5120/0x000001b6061e1d58::<init> (10 bytes)
Event: 221.242 Thread 0x000001b659635b50 59203       3       groovyjarjarantlr4.v4.runtime.ParserRuleContext::getToken (112 bytes)
Event: 221.242 Thread 0x000001b6593fcd70 nmethod 59193 0x000001b66a7da010 code [0x000001b66a7da1a0, 0x000001b66a7da2f8]
Event: 221.242 Thread 0x000001b6593fcd70 59194       2       com.android.tools.r8.graph.P4::a (17 bytes)
Event: 221.243 Thread 0x000001b659635b50 nmethod 59203 0x000001b669b98210 code [0x000001b669b98440, 0x000001b669b98f18]
Event: 221.243 Thread 0x000001b6593fcd70 nmethod 59194 0x000001b66aab2490 code [0x000001b66aab2640, 0x000001b66aab2878]
Event: 221.243 Thread 0x000001b6593fcd70 59196       2       com.android.tools.r8.graph.P4::<init> (25 bytes)
Event: 221.243 Thread 0x000001b659635b50 59197       2       com.android.tools.r8.graph.P4::a (94 bytes)
Event: 221.244 Thread 0x000001b60236e2d0 nmethod 59202 0x000001b669b96c10 code [0x000001b669b96ee0, 0x000001b669b97ba8]
Event: 221.244 Thread 0x000001b60236e2d0 59198       2       com.android.tools.r8.graph.U4$c::<init> (152 bytes)

GC Heap History (20 events):
Event: 210.811 GC heap before
{Heap before GC invocations=95 (full 0):
 garbage-first heap   total 1603584K, used 591670K [0x0000000700000000, 0x0000000800000000)
  region size 2048K, 17 young (34816K), 8 survivors (16384K)
 Metaspace       used 235647K, committed 238592K, reserved 1310720K
  class space    used 30005K, committed 31360K, reserved 1048576K
}
Event: 210.814 GC heap after
{Heap after GC invocations=96 (full 0):
 garbage-first heap   total 1603584K, used 576662K [0x0000000700000000, 0x0000000800000000)
  region size 2048K, 8 young (16384K), 8 survivors (16384K)
 Metaspace       used 235647K, committed 238592K, reserved 1310720K
  class space    used 30005K, committed 31360K, reserved 1048576K
}
Event: 215.241 GC heap before
{Heap before GC invocations=97 (full 0):
 garbage-first heap   total 1603584K, used 1453206K [0x0000000700000000, 0x0000000800000000)
  region size 2048K, 347 young (710656K), 8 survivors (16384K)
 Metaspace       used 253916K, committed 256832K, reserved 1310720K
  class space    used 32347K, committed 33664K, reserved 1048576K
}
Event: 215.253 GC heap after
{Heap after GC invocations=98 (full 0):
 garbage-first heap   total 1603584K, used 600497K [0x0000000700000000, 0x0000000800000000)
  region size 2048K, 30 young (61440K), 30 survivors (61440K)
 Metaspace       used 253916K, committed 256832K, reserved 1310720K
  class space    used 32347K, committed 33664K, reserved 1048576K
}
Event: 215.294 GC heap before
{Heap before GC invocations=98 (full 0):
 garbage-first heap   total 1603584K, used 618929K [0x0000000700000000, 0x0000000800000000)
  region size 2048K, 39 young (79872K), 30 survivors (61440K)
 Metaspace       used 253917K, committed 256832K, reserved 1310720K
  class space    used 32347K, committed 33664K, reserved 1048576K
}
Event: 215.307 GC heap after
{Heap after GC invocations=99 (full 0):
 garbage-first heap   total 1603584K, used 592191K [0x0000000700000000, 0x0000000800000000)
  region size 2048K, 5 young (10240K), 5 survivors (10240K)
 Metaspace       used 253917K, committed 256832K, reserved 1310720K
  class space    used 32347K, committed 33664K, reserved 1048576K
}
Event: 217.591 GC heap before
{Heap before GC invocations=99 (full 0):
 garbage-first heap   total 1603584K, used 1272127K [0x0000000700000000, 0x0000000800000000)
  region size 2048K, 338 young (692224K), 5 survivors (10240K)
 Metaspace       used 257260K, committed 260288K, reserved 1310720K
  class space    used 32704K, committed 34112K, reserved 1048576K
}
Event: 217.603 GC heap after
{Heap after GC invocations=100 (full 0):
 garbage-first heap   total 1603584K, used 705092K [0x0000000700000000, 0x0000000800000000)
  region size 2048K, 43 young (88064K), 43 survivors (88064K)
 Metaspace       used 257260K, committed 260288K, reserved 1310720K
  class space    used 32704K, committed 34112K, reserved 1048576K
}
Event: 219.190 GC heap before
{Heap before GC invocations=101 (full 0):
 garbage-first heap   total 1603584K, used 1258052K [0x0000000700000000, 0x0000000800000000)
  region size 2048K, 311 young (636928K), 43 survivors (88064K)
 Metaspace       used 260360K, committed 263424K, reserved 1310720K
  class space    used 33091K, committed 34496K, reserved 1048576K
}
Event: 219.233 GC heap after
{Heap after GC invocations=102 (full 0):
 garbage-first heap   total 1603584K, used 820279K [0x0000000700000000, 0x0000000800000000)
  region size 2048K, 39 young (79872K), 39 survivors (79872K)
 Metaspace       used 260360K, committed 263424K, reserved 1310720K
  class space    used 33091K, committed 34496K, reserved 1048576K
}
Event: 219.240 GC heap before
{Heap before GC invocations=102 (full 0):
 garbage-first heap   total 1603584K, used 822327K [0x0000000700000000, 0x0000000800000000)
  region size 2048K, 40 young (81920K), 39 survivors (79872K)
 Metaspace       used 260362K, committed 263424K, reserved 1310720K
  class space    used 33091K, committed 34496K, reserved 1048576K
}
Event: 219.267 GC heap after
{Heap after GC invocations=103 (full 0):
 garbage-first heap   total 1603584K, used 827392K [0x0000000700000000, 0x0000000800000000)
  region size 2048K, 5 young (10240K), 5 survivors (10240K)
 Metaspace       used 260362K, committed 263424K, reserved 1310720K
  class space    used 33091K, committed 34496K, reserved 1048576K
}
Event: 219.274 GC heap before
{Heap before GC invocations=103 (full 0):
 garbage-first heap   total 1603584K, used 835584K [0x0000000700000000, 0x0000000800000000)
  region size 2048K, 10 young (20480K), 5 survivors (10240K)
 Metaspace       used 260362K, committed 263424K, reserved 1310720K
  class space    used 33091K, committed 34496K, reserved 1048576K
}
Event: 219.280 GC heap after
{Heap after GC invocations=104 (full 0):
 garbage-first heap   total 1603584K, used 821459K [0x0000000700000000, 0x0000000800000000)
  region size 2048K, 3 young (6144K), 3 survivors (6144K)
 Metaspace       used 260362K, committed 263424K, reserved 1310720K
  class space    used 33091K, committed 34496K, reserved 1048576K
}
Event: 220.265 GC heap before
{Heap before GC invocations=105 (full 0):
 garbage-first heap   total 1603584K, used 1241299K [0x0000000700000000, 0x0000000800000000)
  region size 2048K, 205 young (419840K), 3 survivors (6144K)
 Metaspace       used 260087K, committed 263552K, reserved 1310720K
  class space    used 32978K, committed 34496K, reserved 1048576K
}
Event: 220.287 GC heap after
{Heap after GC invocations=106 (full 0):
 garbage-first heap   total 1603584K, used 930319K [0x0000000700000000, 0x0000000800000000)
  region size 2048K, 26 young (53248K), 26 survivors (53248K)
 Metaspace       used 260087K, committed 263552K, reserved 1310720K
  class space    used 32978K, committed 34496K, reserved 1048576K
}
Event: 220.392 GC heap before
{Heap before GC invocations=106 (full 0):
 garbage-first heap   total 1603584K, used 954895K [0x0000000700000000, 0x0000000800000000)
  region size 2048K, 39 young (79872K), 26 survivors (53248K)
 Metaspace       used 260304K, committed 263552K, reserved 1310720K
  class space    used 33014K, committed 34496K, reserved 1048576K
}
Event: 220.414 GC heap after
{Heap after GC invocations=107 (full 0):
 garbage-first heap   total 1603584K, used 872306K [0x0000000700000000, 0x0000000800000000)
  region size 2048K, 4 young (8192K), 4 survivors (8192K)
 Metaspace       used 260304K, committed 263552K, reserved 1310720K
  class space    used 33014K, committed 34496K, reserved 1048576K
}
Event: 220.974 GC heap before
{Heap before GC invocations=107 (full 0):
 garbage-first heap   total 1603584K, used 1240946K [0x0000000700000000, 0x0000000800000000)
  region size 2048K, 185 young (378880K), 4 survivors (8192K)
 Metaspace       used 261869K, committed 264896K, reserved 1310720K
  class space    used 33183K, committed 34560K, reserved 1048576K
}
Event: 220.983 GC heap after
{Heap after GC invocations=108 (full 0):
 garbage-first heap   total 1603584K, used 906697K [0x0000000700000000, 0x0000000800000000)
  region size 2048K, 21 young (43008K), 21 survivors (43008K)
 Metaspace       used 261869K, committed 264896K, reserved 1310720K
  class space    used 33183K, committed 34560K, reserved 1048576K
}

Deoptimization events (20 events):
Event: 221.220 Thread 0x000001b658b79380 DEOPT PACKING pc=0x000001b66994eb11 sp=0x000000119e9fad70
Event: 221.220 Thread 0x000001b658b79380 DEOPT UNPACKING pc=0x000001b66ca12b43 sp=0x000000119e9fa2c8 mode 0
Event: 221.222 Thread 0x000001b658b7c620 DEOPT PACKING pc=0x000001b66ae936d5 sp=0x000000119e6fb4c0
Event: 221.222 Thread 0x000001b658b7c620 DEOPT UNPACKING pc=0x000001b66ca12b43 sp=0x000000119e6faa18 mode 0
Event: 221.223 Thread 0x000001b658b79380 DEOPT PACKING pc=0x000001b66994eb11 sp=0x000000119e9fad70
Event: 221.223 Thread 0x000001b658b79380 DEOPT UNPACKING pc=0x000001b66ca12b43 sp=0x000000119e9fa2c8 mode 0
Event: 221.224 Thread 0x000001b658b79380 DEOPT PACKING pc=0x000001b669b855bf sp=0x000000119e9fb000
Event: 221.224 Thread 0x000001b658b79380 DEOPT UNPACKING pc=0x000001b66ca12b43 sp=0x000000119e9fa518 mode 0
Event: 221.226 Thread 0x000001b658b79380 DEOPT PACKING pc=0x000001b66ae936d5 sp=0x000000119e9fa960
Event: 221.227 Thread 0x000001b658b79380 DEOPT UNPACKING pc=0x000001b66ca12b43 sp=0x000000119e9f9eb8 mode 0
Event: 221.227 Thread 0x000001b658b79380 DEOPT PACKING pc=0x000001b66ae0157a sp=0x000000119e9fa040
Event: 221.227 Thread 0x000001b658b79380 DEOPT UNPACKING pc=0x000001b66ca12b43 sp=0x000000119e9f9578 mode 0
Event: 221.230 Thread 0x000001b658b79380 DEOPT PACKING pc=0x000001b669b855bf sp=0x000000119e9fa550
Event: 221.230 Thread 0x000001b658b79380 DEOPT UNPACKING pc=0x000001b66ca12b43 sp=0x000000119e9f9a68 mode 0
Event: 221.233 Thread 0x000001b658b79380 DEOPT PACKING pc=0x000001b66ae0157a sp=0x000000119e9f8e90
Event: 221.233 Thread 0x000001b658b79380 DEOPT UNPACKING pc=0x000001b66ca12b43 sp=0x000000119e9f83c8 mode 0
Event: 221.237 Thread 0x000001b658b79380 DEOPT PACKING pc=0x000001b669b855bf sp=0x000000119e9f9400
Event: 221.237 Thread 0x000001b658b79380 DEOPT UNPACKING pc=0x000001b66ca12b43 sp=0x000000119e9f8918 mode 0
Event: 221.238 Thread 0x000001b658b79380 DEOPT PACKING pc=0x000001b66ae0157a sp=0x000000119e9f3ef0
Event: 221.238 Thread 0x000001b658b79380 DEOPT UNPACKING pc=0x000001b66ca12b43 sp=0x000000119e9f3428 mode 0

Classes unloaded (20 events):
Event: 219.498 Thread 0x000001b67fc48c60 Unloading class 0x000001b605a85a60 'androidx/startup/lint/InitializerConstructorDetector'
Event: 219.498 Thread 0x000001b67fc48c60 Unloading class 0x000001b605a85800 'androidx/startup/lint/StartupRuntimeIssueRegistry'
Event: 219.498 Thread 0x000001b67fc48c60 Unloading class 0x000001b605a8c000 'androidx/startup/lint/EnsureInitializerMetadataDetector$Companion'
Event: 219.498 Thread 0x000001b67fc48c60 Unloading class 0x000001b605a89a00 'androidx/startup/lint/EnsureInitializerMetadataDetector'
Event: 219.498 Thread 0x000001b67fc48c60 Unloading class 0x000001b605a89800 'androidx/startup/lint/InitializerConstructorDetector$Companion'
Event: 219.498 Thread 0x000001b67fc48c60 Unloading class 0x000001b605a84a60 'androidx/startup/lint/InitializerConstructorDetector'
Event: 219.498 Thread 0x000001b67fc48c60 Unloading class 0x000001b605a84800 'androidx/startup/lint/StartupRuntimeIssueRegistry'
Event: 219.498 Thread 0x000001b67fc48c60 Unloading class 0x000001b605a8d000 'androidx/startup/lint/EnsureInitializerMetadataDetector$Companion'
Event: 219.498 Thread 0x000001b67fc48c60 Unloading class 0x000001b605a87a00 'androidx/startup/lint/EnsureInitializerMetadataDetector'
Event: 219.498 Thread 0x000001b67fc48c60 Unloading class 0x000001b605a87800 'androidx/startup/lint/InitializerConstructorDetector$Companion'
Event: 219.498 Thread 0x000001b67fc48c60 Unloading class 0x000001b605a86260 'androidx/startup/lint/InitializerConstructorDetector'
Event: 219.498 Thread 0x000001b67fc48c60 Unloading class 0x000001b605a86000 'androidx/startup/lint/StartupRuntimeIssueRegistry'
Event: 221.245 Thread 0x000001b67fc48c60 Unloading class 0x000001b605abb200 'androidx/activity/lint/ActivityResultFragmentVersionDetector$createUastHandler$1'
Event: 221.245 Thread 0x000001b67fc48c60 Unloading class 0x000001b605abb000 'androidx/activity/lint/ActivityResultFragmentVersionDetector$Companion'
Event: 221.245 Thread 0x000001b67fc48c60 Unloading class 0x000001b605abaa60 'androidx/activity/lint/ActivityResultFragmentVersionDetector'
Event: 221.245 Thread 0x000001b67fc48c60 Unloading class 0x000001b605aba800 'androidx/activity/lint/ActivityIssueRegistry'
Event: 221.245 Thread 0x000001b67fc48c60 Unloading class 0x000001b605abda00 'androidx/activity/lint/ActivityResultFragmentVersionDetector$createUastHandler$1'
Event: 221.245 Thread 0x000001b67fc48c60 Unloading class 0x000001b605abd800 'androidx/activity/lint/ActivityResultFragmentVersionDetector$Companion'
Event: 221.245 Thread 0x000001b67fc48c60 Unloading class 0x000001b605aba260 'androidx/activity/lint/ActivityResultFragmentVersionDetector'
Event: 221.245 Thread 0x000001b67fc48c60 Unloading class 0x000001b605aba000 'androidx/activity/lint/ActivityIssueRegistry'

Classes redefined (0 events):
No events

Internal exceptions (20 events):
Event: 221.078 Thread 0x000001b658b7b6f0 Exception <a 'sun/nio/fs/WindowsException'{0x00000007595c03e8}> (0x00000007595c03e8) 
thrown [s\open\src\hotspot\share\prims\jni.cpp, line 516]
Event: 221.079 Thread 0x000001b658b7b6f0 Exception <a 'sun/nio/fs/WindowsException'{0x00000007595c1078}> (0x00000007595c1078) 
thrown [s\open\src\hotspot\share\prims\jni.cpp, line 516]
Event: 221.079 Thread 0x000001b658b7b6f0 Exception <a 'sun/nio/fs/WindowsException'{0x00000007595c1e70}> (0x00000007595c1e70) 
thrown [s\open\src\hotspot\share\prims\jni.cpp, line 516]
Event: 221.079 Thread 0x000001b658b7b6f0 Exception <a 'sun/nio/fs/WindowsException'{0x00000007595c2d30}> (0x00000007595c2d30) 
thrown [s\open\src\hotspot\share\prims\jni.cpp, line 516]
Event: 221.080 Thread 0x000001b658b7b6f0 Exception <a 'sun/nio/fs/WindowsException'{0x00000007595c3c70}> (0x00000007595c3c70) 
thrown [s\open\src\hotspot\share\prims\jni.cpp, line 516]
Event: 221.080 Thread 0x000001b658b7b6f0 Exception <a 'sun/nio/fs/WindowsException'{0x00000007595c51f0}> (0x00000007595c51f0) 
thrown [s\open\src\hotspot\share\prims\jni.cpp, line 516]
Event: 221.080 Thread 0x000001b658b7b6f0 Exception <a 'sun/nio/fs/WindowsException'{0x00000007595c6ce8}> (0x00000007595c6ce8) 
thrown [s\open\src\hotspot\share\prims\jni.cpp, line 516]
Event: 221.080 Thread 0x000001b658b7b6f0 Exception <a 'sun/nio/fs/WindowsException'{0x00000007595c9490}> (0x00000007595c9490) 
thrown [s\open\src\hotspot\share\prims\jni.cpp, line 516]
Event: 221.080 Thread 0x000001b658b7b6f0 Exception <a 'sun/nio/fs/WindowsException'{0x00000007595ca438}> (0x00000007595ca438) 
thrown [s\open\src\hotspot\share\prims\jni.cpp, line 516]
Event: 221.081 Thread 0x000001b658b7b6f0 Exception <a 'sun/nio/fs/WindowsException'{0x00000007595cc058}> (0x00000007595cc058) 
thrown [s\open\src\hotspot\share\prims\jni.cpp, line 516]
Event: 221.081 Thread 0x000001b658b7b6f0 Exception <a 'sun/nio/fs/WindowsException'{0x00000007595ccef8}> (0x00000007595ccef8) 
thrown [s\open\src\hotspot\share\prims\jni.cpp, line 516]
Event: 221.081 Thread 0x000001b658b7b6f0 Exception <a 'sun/nio/fs/WindowsException'{0x00000007595cde60}> (0x00000007595cde60) 
thrown [s\open\src\hotspot\share\prims\jni.cpp, line 516]
Event: 221.081 Thread 0x000001b658b7b6f0 Exception <a 'sun/nio/fs/WindowsException'{0x00000007595cee48}> (0x00000007595cee48) 
thrown [s\open\src\hotspot\share\prims\jni.cpp, line 516]
Event: 221.081 Thread 0x000001b658b7b6f0 Exception <a 'sun/nio/fs/WindowsException'{0x00000007595d3f30}> (0x00000007595d3f30) 
thrown [s\open\src\hotspot\share\prims\jni.cpp, line 516]
Event: 221.082 Thread 0x000001b658b7b6f0 Exception <a 'sun/nio/fs/WindowsException'{0x00000007595d5088}> (0x00000007595d5088) 
thrown [s\open\src\hotspot\share\prims\jni.cpp, line 516]
Event: 221.082 Thread 0x000001b658b7b6f0 Exception <a 'sun/nio/fs/WindowsException'{0x00000007595d5f30}> (0x00000007595d5f30) 
thrown [s\open\src\hotspot\share\prims\jni.cpp, line 516]
Event: 221.082 Thread 0x000001b658b7b6f0 Exception <a 'sun/nio/fs/WindowsException'{0x00000007595d6f48}> (0x00000007595d6f48) 
thrown [s\open\src\hotspot\share\prims\jni.cpp, line 516]
Event: 221.201 Thread 0x000001b680f56410 Exception <a 'java/lang/NoSuchMethodError'{0x000000074ff7f4c0}: 'void java.lang.invoke.DirectMethodHandle$Holder.invokeSpecial(java.lang.Object, java.lang.Object, java.lang.Object, java.lang.Object, java.lang.Object, java.lang.Object, java.lang.Object, java.lang.Object, java.lang.Object, java.lang.Object)'> (0x000000074ff7f4c0) 
thrown [s\open\src\hotspot\share\interpreter\linkResolver.cpp, line 759]
Event: 221.203 Thread 0x000001b680f56410 Exception <a 'java/lang/NoSuchMethodError'{0x000000074ff8a5b0}: 'java.lang.Object java.lang.invoke.DirectMethodHandle$Holder.newInvokeSpecial(java.lang.Object, java.lang.Object, java.lang.Object, java.lang.Object, java.lang.Object, java.lang.Object, java.lang.Object, java.lang.Object, java.lang.Object)'> (0x000000074ff8a5b0) 
thrown [s\open\src\hotspot\share\interpreter\linkResolver.cpp, line 759]
Event: 221.203 Thread 0x000001b680f56410 Exception <a 'java/lang/NoSuchMethodError'{0x000000074ff8ee48}: 'java.lang.Object java.lang.invoke.Invokers$Holder.linkToTargetMethod(java.lang.Object, java.lang.Object, java.lang.Object, java.lang.Object, java.lang.Object, java.lang.Object, java.lang.Object, java.lang.Object, java.lang.Object)'> (0x000000074ff8ee48) 
thrown [s\open\src\hotspot\share\interpreter\linkResolver.cpp, line 759]

VM Operations (20 events):
Event: 220.702 Executing VM operation: HandshakeAllThreads done
Event: 220.783 Executing VM operation: ICBufferFull
Event: 220.783 Executing VM operation: ICBufferFull done
Event: 220.880 Executing VM operation: ICBufferFull
Event: 220.881 Executing VM operation: ICBufferFull done
Event: 220.974 Executing VM operation: G1CollectForAllocation
Event: 220.983 Executing VM operation: G1CollectForAllocation done
Event: 221.010 Executing VM operation: HandshakeAllThreads
Event: 221.011 Executing VM operation: HandshakeAllThreads done
Event: 221.036 Executing VM operation: HandshakeAllThreads
Event: 221.037 Executing VM operation: HandshakeAllThreads done
Event: 221.067 Executing VM operation: ICBufferFull
Event: 221.068 Executing VM operation: ICBufferFull done
Event: 221.068 Executing VM operation: ICBufferFull
Event: 221.068 Executing VM operation: ICBufferFull done
Event: 221.139 Executing VM operation: ICBufferFull
Event: 221.139 Executing VM operation: ICBufferFull done
Event: 221.241 Executing VM operation: ICBufferFull
Event: 221.242 Executing VM operation: ICBufferFull done
Event: 221.244 Executing VM operation: G1Concurrent

Events (20 events):
Event: 221.217 Thread 0x000001b602370bf0 flushing nmethod 0x000001b66a1b2010
Event: 221.217 Thread 0x000001b602370bf0 flushing nmethod 0x000001b66a1b2b90
Event: 221.227 Thread 0x000001b602370bf0 flushing nmethod 0x000001b66a4ff010
Event: 221.232 Thread 0x000001b602370bf0 flushing nmethod 0x000001b66a6d7510
Event: 221.233 Thread 0x000001b602370bf0 flushing nmethod 0x000001b66a7da010
Event: 221.234 Thread 0x000001b602370bf0 flushing nmethod 0x000001b66a7dab90
Event: 221.234 Thread 0x000001b602370bf0 flushing nmethod 0x000001b66a84a510
Event: 221.234 Thread 0x000001b602370bf0 flushing nmethod 0x000001b66a84ac10
Event: 221.234 Thread 0x000001b602370bf0 flushing nmethod 0x000001b66a84b590
Event: 221.234 Thread 0x000001b602370bf0 flushing nmethod 0x000001b66a84ba90
Event: 221.234 Thread 0x000001b602370bf0 flushing nmethod 0x000001b66a84c690
Event: 221.234 Thread 0x000001b602370bf0 flushing nmethod 0x000001b66a854310
Event: 221.235 Thread 0x000001b602370bf0 flushing nmethod 0x000001b66a868b90
Event: 221.235 Thread 0x000001b602370bf0 flushing nmethod 0x000001b66a8c6a90
Event: 221.241 Thread 0x000001b602370bf0 flushing nmethod 0x000001b66aa30c10
Event: 221.241 Thread 0x000001b602370bf0 flushing nmethod 0x000001b66aa34a10
Event: 221.241 Thread 0x000001b602370bf0 flushing nmethod 0x000001b66aa35190
Event: 221.241 Thread 0x000001b602370bf0 flushing nmethod 0x000001b66aa35910
Event: 221.241 Thread 0x000001b602370bf0 flushing nmethod 0x000001b66aa35d90
Event: 221.242 Thread 0x000001b602370bf0 flushing nmethod 0x000001b66aab2490


Dynamic libraries:
0x00007ff753e00000 - 0x00007ff753e10000 	D:\Android\jdk\jdk-17.0.13\bin\java.exe
0x00007fff06820000 - 0x00007fff06a87000 	C:\WINDOWS\SYSTEM32\ntdll.dll
0x00007fff046f0000 - 0x00007fff047bb000 	C:\WINDOWS\System32\KERNEL32.DLL
0x00007fff03ad0000 - 0x00007fff03ed1000 	C:\WINDOWS\System32\KERNELBASE.dll
0x00007fff04350000 - 0x00007fff0449c000 	C:\WINDOWS\System32\ucrtbase.dll
0x00007ffef9670000 - 0x00007ffef9689000 	D:\Android\jdk\jdk-17.0.13\bin\jli.dll
0x00007ffee2310000 - 0x00007ffee232b000 	D:\Android\jdk\jdk-17.0.13\bin\VCRUNTIME140.dll
0x00007fff06340000 - 0x00007fff063fb000 	C:\WINDOWS\System32\ADVAPI32.dll
0x00007fff06520000 - 0x00007fff065c9000 	C:\WINDOWS\System32\msvcrt.dll
0x00007fff04640000 - 0x00007fff046e8000 	C:\WINDOWS\System32\sechost.dll
0x00007fff06400000 - 0x00007fff06518000 	C:\WINDOWS\System32\RPCRT4.dll
0x00007fff06160000 - 0x00007fff06337000 	C:\WINDOWS\System32\USER32.dll
0x00007fff04260000 - 0x00007fff04287000 	C:\WINDOWS\System32\win32u.dll
0x00007ffeee300000 - 0x00007ffeee590000 	C:\WINDOWS\WinSxS\amd64_microsoft.windows.common-controls_6595b64144ccf1df_6.0.26100.9549_none_3e0a0396e3330090\COMCTL32.dll
0x00007fff04610000 - 0x00007fff0463b000 	C:\WINDOWS\System32\GDI32.dll
0x00007fff03ee0000 - 0x00007fff04008000 	C:\WINDOWS\System32\gdi32full.dll
0x00007fff03a20000 - 0x00007fff03ac3000 	C:\WINDOWS\System32\msvcp_win.dll
0x00007ffef6330000 - 0x00007ffef633b000 	C:\WINDOWS\SYSTEM32\VERSION.dll
0x00007fff04f10000 - 0x00007fff04f41000 	C:\WINDOWS\System32\IMM32.DLL
0x00007ffef9860000 - 0x00007ffef986c000 	D:\Android\jdk\jdk-17.0.13\bin\vcruntime140_1.dll
0x00007ffec2e70000 - 0x00007ffec2efe000 	D:\Android\jdk\jdk-17.0.13\bin\msvcp140.dll
0x00007ffd4dce0000 - 0x00007ffd4e8c1000 	D:\Android\jdk\jdk-17.0.13\bin\server\jvm.dll
0x00007fff05450000 - 0x00007fff05458000 	C:\WINDOWS\System32\PSAPI.DLL
0x00007ffedf8d0000 - 0x00007ffedf8da000 	C:\WINDOWS\SYSTEM32\WSOCK32.dll
0x00007ffef6340000 - 0x00007ffef6377000 	C:\WINDOWS\SYSTEM32\WINMM.dll
0x00007fff047c0000 - 0x00007fff04841000 	C:\WINDOWS\System32\WS2_32.dll
0x00007fff02680000 - 0x00007fff0269b000 	C:\WINDOWS\SYSTEM32\kernel.appcore.dll
0x00007ffef9660000 - 0x00007ffef966a000 	D:\Android\jdk\jdk-17.0.13\bin\jimage.dll
0x00007fff00dd0000 - 0x00007fff0101c000 	C:\WINDOWS\SYSTEM32\DBGHELP.DLL
0x00007fff04f50000 - 0x00007fff052da000 	C:\WINDOWS\System32\combase.dll
0x00007fff05370000 - 0x00007fff05449000 	C:\WINDOWS\System32\OLEAUT32.dll
0x00007ffee1990000 - 0x00007ffee19cb000 	C:\WINDOWS\SYSTEM32\dbgcore.DLL
0x00007fff041a0000 - 0x00007fff0424c000 	C:\WINDOWS\System32\bcryptPrimitives.dll
0x00007ffefe420000 - 0x00007ffefe42e000 	D:\Android\jdk\jdk-17.0.13\bin\instrument.dll
0x00007ffec2e40000 - 0x00007ffec2e65000 	D:\Android\jdk\jdk-17.0.13\bin\java.dll
0x00007ffec2d60000 - 0x00007ffec2e37000 	D:\Android\jdk\jdk-17.0.13\bin\jsvml.dll
0x00007fff05990000 - 0x00007fff0612c000 	C:\WINDOWS\System32\SHELL32.dll
0x00007fff01420000 - 0x00007fff01ccd000 	C:\WINDOWS\SYSTEM32\windows.storage.dll
0x00007fff06620000 - 0x00007fff06719000 	C:\WINDOWS\System32\SHCORE.dll
0x00007fff04540000 - 0x00007fff045a6000 	C:\WINDOWS\System32\shlwapi.dll
0x00007fff03930000 - 0x00007fff03959000 	C:\WINDOWS\SYSTEM32\profapi.dll
0x00007ffec2d00000 - 0x00007ffec2d18000 	D:\Android\jdk\jdk-17.0.13\bin\zip.dll
0x00007ffec2d40000 - 0x00007ffec2d59000 	D:\Android\jdk\jdk-17.0.13\bin\net.dll
0x00007ffef9d70000 - 0x00007ffef9e9a000 	C:\WINDOWS\SYSTEM32\WINHTTP.dll
0x00007fff02c20000 - 0x00007fff02c8c000 	C:\WINDOWS\system32\mswsock.dll
0x00007ffec2d20000 - 0x00007ffec2d36000 	D:\Android\jdk\jdk-17.0.13\bin\nio.dll
0x00007ffef94c0000 - 0x00007ffef94d0000 	D:\Android\jdk\jdk-17.0.13\bin\verify.dll
0x00007ffee15d0000 - 0x00007ffee15f7000 	D:\Android\.gradle\native\c067742578af261105cb4f569cf0c3c89f3d7b1fecec35dd04571415982c5e48\windows-amd64\native-platform.dll
0x00007ffed3cb0000 - 0x00007ffed3df4000 	D:\Android\.gradle\native\100fb08df4bc3b14c8652ba06237920a3bd2aa13389f12d3474272988ae205f9\windows-amd64\native-platform-file-events.dll
0x00007ffec2c80000 - 0x00007ffec2c8a000 	D:\Android\jdk\jdk-17.0.13\bin\management.dll
0x00007ffec2c70000 - 0x00007ffec2c7b000 	D:\Android\jdk\jdk-17.0.13\bin\management_ext.dll
0x00007fff03060000 - 0x00007fff0307b000 	C:\WINDOWS\SYSTEM32\CRYPTSP.dll
0x00007fff025e0000 - 0x00007fff02619000 	C:\WINDOWS\system32\rsaenh.dll
0x00007fff02cd0000 - 0x00007fff02d04000 	C:\WINDOWS\SYSTEM32\USERENV.dll
0x00007fff03900000 - 0x00007fff0392a000 	C:\WINDOWS\SYSTEM32\bcrypt.dll
0x00007fff02e80000 - 0x00007fff02e8c000 	C:\WINDOWS\SYSTEM32\CRYPTBASE.dll
0x00007fff02030000 - 0x00007fff02063000 	C:\WINDOWS\SYSTEM32\IPHLPAPI.DLL
0x00007fff05980000 - 0x00007fff0598a000 	C:\WINDOWS\System32\NSI.dll
0x00007ffefa3a0000 - 0x00007ffefa3be000 	C:\WINDOWS\SYSTEM32\dhcpcsvc6.DLL
0x00007ffef9f90000 - 0x00007ffef9fb5000 	C:\WINDOWS\SYSTEM32\dhcpcsvc.DLL
0x00007fff02070000 - 0x00007fff021c8000 	C:\WINDOWS\SYSTEM32\DNSAPI.dll
0x00007fff02a40000 - 0x00007fff02a4d000 	C:\WINDOWS\SYSTEM32\DSPARSE.dll
0x00007ffef9630000 - 0x00007ffef963e000 	D:\Android\jdk\jdk-17.0.13\bin\sunmscapi.dll
0x00007fff04010000 - 0x00007fff0418f000 	C:\WINDOWS\System32\CRYPT32.dll
0x00007fff031d0000 - 0x00007fff03200000 	C:\WINDOWS\SYSTEM32\ncrypt.dll
0x00007fff03180000 - 0x00007fff031bf000 	C:\WINDOWS\SYSTEM32\NTASN1.dll
0x00007ffec4f50000 - 0x00007ffec4f58000 	C:\WINDOWS\system32\wshunix.dll
0x00007ffec87e0000 - 0x00007ffec87f8000 	C:\WINDOWS\system32\napinsp.dll
0x00007ffec8290000 - 0x00007ffec82a3000 	C:\WINDOWS\System32\winrnr.dll
0x00007ffec8260000 - 0x00007ffec8287000 	C:\WINDOWS\system32\nlansp_c.dll
0x00007ffef8660000 - 0x00007ffef8676000 	C:\WINDOWS\system32\wshbth.dll
0x00007ffef8d50000 - 0x00007ffef8d5b000 	C:\Windows\System32\rasadhlp.dll
0x00007ffefcda0000 - 0x00007ffefce26000 	C:\WINDOWS\System32\fwpuclnt.dll
0x00007fff027b0000 - 0x00007fff027e6000 	C:\WINDOWS\SYSTEM32\ntmarta.dll
0x00007ffede740000 - 0x00007ffede747000 	D:\Android\jdk\jdk-17.0.13\bin\rmi.dll
0x00007ffeff8e0000 - 0x00007ffeff97f000 	C:\WINDOWS\system32\apphelp.dll

dbghelp: loaded successfully - version: 4.0.5 - missing functions: none
symbol engine: initialized successfully - sym options: 0x614 - pdb path: .;D:\Android\jdk\jdk-17.0.13\bin;C:\WINDOWS\SYSTEM32;C:\WINDOWS\WinSxS\amd64_microsoft.windows.common-controls_6595b64144ccf1df_6.0.26100.9549_none_3e0a0396e3330090;D:\Android\jdk\jdk-17.0.13\bin\server;D:\Android\.gradle\native\c067742578af261105cb4f569cf0c3c89f3d7b1fecec35dd04571415982c5e48\windows-amd64;D:\Android\.gradle\native\100fb08df4bc3b14c8652ba06237920a3bd2aa13389f12d3474272988ae205f9\windows-amd64

VM Arguments:
jvm_args: -XX:MaxMetaspaceSize=2048m --add-opens=java.base/java.util=ALL-UNNAMED --add-opens=java.base/java.lang=ALL-UNNAMED --add-opens=java.base/java.lang.invoke=ALL-UNNAMED --add-opens=java.prefs/java.util.prefs=ALL-UNNAMED --add-opens=java.base/java.nio.charset=ALL-UNNAMED --add-opens=java.base/java.net=ALL-UNNAMED --add-opens=java.base/java.util.concurrent.atomic=ALL-UNNAMED -Xmx4096m -Dfile.encoding=GBK -Duser.country=CN -Duser.language=zh -Duser.variant -javaagent:D:\Android\.gradle\wrapper\dists\gradle-8.8-bin\cx57xx7zsiden606ef8ncmv16\gradle-8.8\lib\agents\gradle-instrumentation-agent-8.8.jar 
java_command: org.gradle.launcher.daemon.bootstrap.GradleDaemon 8.8
java_class_path (initial): D:\Android\.gradle\wrapper\dists\gradle-8.8-bin\cx57xx7zsiden606ef8ncmv16\gradle-8.8\lib\gradle-launcher-8.8.jar
Launcher Type: SUN_STANDARD

[Global flags]
     intx CICompilerCount                          = 12                                        {product} {ergonomic}
     uint ConcGCThreads                            = 5                                         {product} {ergonomic}
     uint G1ConcRefinementThreads                  = 18                                        {product} {ergonomic}
   size_t G1HeapRegionSize                         = 2097152                                   {product} {ergonomic}
    uintx GCDrainStackTargetSize                   = 64                                        {product} {ergonomic}
   size_t InitialHeapSize                          = 532676608                                 {product} {ergonomic}
   size_t MarkStackSize                            = 4194304                                   {product} {ergonomic}
   size_t MaxHeapSize                              = 4294967296                                {product} {command line}
   size_t MaxMetaspaceSize                         = 2147483648                                {product} {command line}
   size_t MaxNewSize                               = 2575302656                                {product} {ergonomic}
   size_t MinHeapDeltaBytes                        = 2097152                                   {product} {ergonomic}
   size_t MinHeapSize                              = 8388608                                   {product} {ergonomic}
    uintx NonNMethodCodeHeapSize                   = 7602480                                {pd product} {ergonomic}
    uintx NonProfiledCodeHeapSize                  = 122027880                              {pd product} {ergonomic}
    uintx ProfiledCodeHeapSize                     = 122027880                              {pd product} {ergonomic}
    uintx ReservedCodeCacheSize                    = 251658240                              {pd product} {ergonomic}
     bool SegmentedCodeCache                       = true                                      {product} {ergonomic}
   size_t SoftMaxHeapSize                          = 4294967296                             {manageable} {ergonomic}
     bool UseCompressedClassPointers               = true                           {product lp64_product} {ergonomic}
     bool UseCompressedOops                        = true                           {product lp64_product} {ergonomic}
     bool UseG1GC                                  = true                                      {product} {ergonomic}
     bool UseLargePagesIndividualAllocation        = false                                  {pd product} {ergonomic}

Logging:
Log output configuration:
 #0: stdout all=warning uptime,level,tags
 #1: stderr all=off uptime,level,tags

Environment Variables:
JAVA_HOME=D:\Android\jdk\jdk-17.0.13
CLASSPATH=D:\Develop\AI\lx-music-mobile\lx-music-mobile\android\\gradle\wrapper\gradle-wrapper.jar
PATH=D:\Develop\AI\lx-music-mobile\lx-music-mobile\node_modules\.bin;D:\Develop\AI\lx-music-mobile\node_modules\.bin;D:\Develop\AI\node_modules\.bin;D:\Develop\node_modules\.bin;D:\node_modules\.bin;C:\Users\wangc\AppData\Local\nvm\v23.7.0\node_modules\npm\node_modules\@npmcli\run-script\lib\node-gyp-bin;C:\Program Files (x86)\VMware\VMware Workstation\bin\;C:\WINDOWS\system32;C:\WINDOWS;C:\WINDOWS\System32\Wbem;C:\WINDOWS\System32\WindowsPowerShell\v1.0\;C:\WINDOWS\System32\OpenSSH\;C:\Program Files\dotnet\;C:\Program Files (x86)\NVIDIA Corporation\PhysX\Common;D:\Android\flutter3.20.0-1.2.pre\bin;D:\Android\Sdk\platform-tools;C:\Program Files\Redis\;C:\Program Files\Git\cmd;C:\Program Files (x86)\Tencent\微信web开发者工具\dll;C:\nvm4w\nodejs;D:\software\maven\apache-maven-3.9.9\bin;D:\Android\Sdk\build-tools\35.0.0;C:\Program Files\OpenSSL-Win64\bin;C:\Program Files (x86)\PuTTY\;C:\Program Files\Microsoft SQL Server\Client SDK\ODBC\130\Tools\Binn\;D:\Android\jdk\jdk-17.0.13\bin;C:\Users\wangc\.local\bin;C:\Users\wangc\AppData\Local\Python\pythoncore-3.14-64\Scripts;C:\Program Files\Docker\Docker\resources\bin;;C:\Program Files\NVIDIA Corporation\NVIDIA App\NvDLISR;C:\Users\wangc\AppData\Local\Microsoft\WindowsApps;C:\Users\wangc\AppData\Local\nvm;C:\nvm4w\nodejs;C:\Program Files\MySQL\MySQL Server 8.0\bin;C:\Program Files\JetBrains\DataGrip 2023.3.4\bin;C:\Users\wangc\AppData\Local\Python\bin;C:\Users\wangc\AppData\Local\Programs\Ollama;C:\Users\wangc\AppData\Local\Programs\Fiddler;C:\Users\wangc\AppData\Local\Microsoft\WinGet\Packages\oschwartz10612.Poppler_Microsoft.Winget.Source_8wekyb3d8bbwe\poppler-25.07.0\Library\bin;
USERNAME=wangc
OS=Windows_NT
PROCESSOR_IDENTIFIER=Intel64 Family 6 Model 183 Stepping 1, GenuineIntel



---------------  S Y S T E M  ---------------

OS:
 Windows 11 , 64 bit Build 26100 (10.0.26100.9549)
OS uptime: 0 days 1:20 hours
Hyper-V role detected

CPU: total 24 (initial active 24) (12 cores per cpu, 2 threads per core) family 6 model 183 stepping 1 microcode 0x123, cx8, cmov, fxsr, ht, mmx, 3dnowpref, sse, sse2, sse3, ssse3, sse4.1, sse4.2, popcnt, lzcnt, tsc, tscinvbit, avx, avx2, aes, erms, clmul, bmi1, bmi2, adx, sha, fma, vzeroupper, clflush, clflushopt, clwb, hv

Memory: 4k page, system-wide physical 32505M (10534M free)
TotalPageFile size 33529M (AvailPageFile size 4M)
current process WorkingSet (physical memory assigned to process): 2468M, peak: 2672M
current process commit charge ("private bytes"): 2991M, peak: 3039M

vm_info: Java HotSpot(TM) 64-Bit Server VM (17.0.13+10-LTS-268) for windows-amd64 JRE (17.0.13+10-LTS-268), built on Sep 30 2024 06:33:13 by "mach5one" with MS VC++ 17.6 (VS2022)

END.
